63928,Walldürn
64754,Eberbach
68159,Mannheim
68161,Mannheim
68163,Mannheim
68165,Mannheim
68167,Mannheim
68169,Mannheim
68199,Mannheim
68219,Mannheim
68229,Mannheim
68239,Mannheim
68259,Mannheim
68305,Mannheim
68307,Mannheim
68309,Mannheim
68526,Ladenburg
68535,Edingen-Neckarhausen
68542,Heddesheim
68549,Ilvesheim
68723,Oftersheim
68723,Plankstadt
68723,Schwetzingen
68753,Waghäusel
68766,Hockenheim
68775,Ketsch
68782,Brühl (Baden)
68789,Sankt Leon-Rot
68794,Oberhausen-Rheinhausen
68799,Reilingen
68804,Altlußheim
68809,Neulußheim
69115,Heidelberg
69117,Heidelberg
69118,Heidelberg
69120,Heidelberg
69121,Heidelberg
69123,Heidelberg
69124,Heidelberg
69126,Heidelberg
69151,Neckargemünd
69168,Wiesloch
69181,Leimen (Baden)
69190,Walldorf (Baden)
69198,Schriesheim
69207,Sandhausen
69214,Eppelheim
69221,Dossenheim
69226,Nußloch
69231,Rauenberg
69234,Dielheim
69242,Mühlhausen (Kraichgau)
69245,Bammental
69250,Schönau (Odenwald)
69251,Gaiberg
69253,Heiligkreuzsteinach
69254,Malsch bei Wiesloch
69256,Mauer (Baden)
69257,Wiesenbach (Baden)
69259,Wilhelmsfeld
69412,Eberbach
69427,Mudau
69429,Eberbach
69429,Waldbrunn (Odenwald)
69434,Eberbach
69434,Heddesbach
69436,Schönbrunn (Baden)
69437,Neckargerach
69439,Zwingenberg (Baden)
69469,Weinheim (Bergstraße)
69493,Hirschberg an der Bergstraße
69502,Hemsbach (Bergstraße)
69514,Laudenbach (Bergstraße)
70173,Stuttgart
70174,Stuttgart
70176,Stuttgart
70178,Stuttgart
70180,Stuttgart
70182,Stuttgart
70184,Stuttgart
70186,Stuttgart
70188,Stuttgart
70190,Stuttgart
70191,Stuttgart
70192,Stuttgart
70193,Stuttgart
70195,Stuttgart
70197,Stuttgart
70199,Stuttgart
70327,Stuttgart
70329,Stuttgart
70372,Stuttgart
70374,Stuttgart
70376,Stuttgart
70378,Stuttgart
70435,Stuttgart
70437,Stuttgart
70439,Stuttgart
70469,Stuttgart
70499,Stuttgart
70563,Stuttgart
70565,Stuttgart
70567,Stuttgart
70569,Stuttgart
70597,Stuttgart
70599,Stuttgart
70619,Stuttgart
70629,Stuttgart
70734,Fellbach
70736,Fellbach
70771,Leinfelden-Echterdingen
70794,Filderstadt
70806,Kornwestheim
70825,Korntal-Münchingen
70839,Gerlingen
71032,Böblingen
71034,Böblingen
71063,Sindelfingen
71065,Sindelfingen
71067,Sindelfingen
71069,Sindelfingen
71083,Herrenberg
71088,Holzgerlingen
71093,Weil im Schönbuch
71101,Schönaich
71106,Magstadt
71111,Filderstadt
71111,Waldenbuch
71116,Gärtringen
71120,Grafenau (Württemberg)
71126,Gäufelden
71131,Jettingen
71134,Aidlingen
71139,Ehningen
71144,Steinenbronn
71149,Bondorf
71154,Nufringen
71155,Altdorf (Kreis Böblingen)
71157,Hildrizhausen
71159,Mötzingen
71229,Leonberg (Württemberg)
71254,Ditzingen
71263,Weil der Stadt
71272,Renningen
71277,Rutesheim
71282,Hemmingen (Württemberg)
71287,Weissach
71292,Friolzheim
71296,Heimsheim
71297,Mönsheim
71299,Wimsheim
71332,Waiblingen
71334,Waiblingen
71336,Waiblingen
71364,Winnenden
71384,Weinstadt
71394,Kernen im Remstal
71397,Leutenbach (Württemberg)
71404,Korb
71409,Schwaikheim
71522,Backnang
71540,Murrhardt
71543,Wüstenrot
71543,Beilstein (Württemberg)
71546,Aspach bei Backnang
71549,Auenwald
71554,Weissach im Tal
71560,Sulzbach an der Murr
71560,Oppenweiler
71563,Affalterbach
71566,Althütte
71570,Oppenweiler
71573,Allmersbach im Tal
71576,Burgstetten
71577,Großerlach
71579,Spiegelberg
71634,Ludwigsburg
71636,Ludwigsburg
71638,Ludwigsburg
71640,Ludwigsburg
71642,Ludwigsburg
71665,Vaihingen an der Enz
71672,Ludwigsburg
71672,Marbach am Neckar
71679,Asperg
71686,Remseck am Neckar
71691,Freiberg am Neckar
71696,Möglingen
71701,Schwieberdingen
71706,Schwieberdingen
71706,Markgröningen
71711,Marbach am Neckar
71711,Murr
71711,Steinheim an der Murr
71717,Beilstein (Württemberg)
71720,Oberstenfeld
71723,Großbottwar
71726,Benningen am Neckar
71729,Erdmannhausen
71732,Tamm
71735,Eberdingen
71737,Kirchberg an der Murr
71739,Oberriexingen
72070,Tübingen
72072,Tübingen
72074,Tübingen
72076,Tübingen
72108,Rottenburg am Neckar
72116,Mössingen
72119,Ammerbuch
72124,Pliezhausen
72127,Kusterdingen
72131,Ofterdingen
72135,Dettenhausen
72138,Kusterdingen
72138,Kirchentellinsfurt
72141,Walddorfhäslach
72144,Dußlingen
72145,Hirrlingen
72147,Nehren (Württemberg)
72149,Neustetten
72160,Horb am Neckar
72172,Sulz am Neckar
72175,Dornhan
72178,Waldachtal
72181,Starzach
72184,Eutingen im Gäu
72186,Empfingen
72189,Vöhringen (Württemberg)
72202,Nagold
72213,Altensteig
72218,Wildberg (Schwarzwald)
72221,Haiterbach
72224,Ebhausen
72226,Simmersfeld
72227,Egenhausen
72229,Rohrdorf (Kreis Calw)
72250,Freudenstadt
72250,Bad Peterstal-Griesbach
72270,Baiersbronn
72275,Alpirsbach
72280,Dornstetten
72285,Pfalzgrafenweiler
72290,Loßburg
72293,Glatten
72294,Grömbach
72296,Schopfloch (Schwarzwald)
72297,Grömbach
72297,Seewald
72299,Wörnersberg
72336,Balingen
72348,Rosenfeld
72351,Geislingen (Zollernalbkreis)
72355,Schömberg (Zollernalbkreis)
72356,Dautmergen
72358,Dormettingen
72359,Dotternhausen
72361,Hausen am Tann
72362,Nusplingen
72364,Obernheim
72365,Ratshausen
72367,Weilen unter den Rinnen
72369,Zimmern unter der Burg
72379,Hechingen
72393,Burladingen
72401,Haigerloch
72406,Bisingen
72411,Bodelshausen
72414,Rangendingen
72415,Grosselfingen
72417,Jungingen
72419,Neufra
72458,Albstadt
72459,Albstadt
72461,Albstadt
72469,Meßstetten
72474,Winterlingen
72475,Bitz
72477,Schwenningen (Heuberg)
72479,Straßberg
72488,Sigmaringen
72501,Gammertingen
72505,Krauchenwies
72510,Stetten am kalten Markt
72511,Bingen bei Sigmaringen
72513,Hettingen
72514,Inzigkofen
72516,Scheer
72517,Sigmaringendorf
72519,Veringenstadt
72525,Münsingen (Württemberg)
72531,Hohenstein (Württemberg)
72532,Gomadingen
72534,Hayingen
72535,Heroldstatt
72537,Mehrstetten
72539,Pfronstetten
72555,Metzingen
72574,Bad Urach
72581,Dettingen an der Erms
72582,Grabenstetten
72584,Hülben
72585,Riederich
72587,Römerstein
72589,Westerheim (Württemberg)
72622,Nürtingen
72631,Aichtal
72636,Frickenhausen (Württemberg)
72639,Neuffen
72644,Oberboihingen
72649,Wolfschlugen
72654,Neckartenzlingen
72655,Altdorf bei Nürtingen
72657,Altenriet
72658,Bempflingen
72660,Beuren bei Nürtingen
72661,Grafenberg
72663,Großbettlingen
72664,Kohlberg (Württemberg)
72666,Neckartailfingen
72667,Schlaitdorf
72669,Unterensingen
72760,Reutlingen
72762,Reutlingen
72764,Reutlingen
72766,Reutlingen
72768,Reutlingen
72770,Reutlingen
72793,Pfullingen
72800,Eningen unter Achalm
72805,Lichtenstein (Württemberg)
72810,Gomaringen
72813,Sankt Johann (Württemberg)
72818,Trochtelfingen
72820,Sonnenbühl
72827,Wannweil
72829,Engstingen
73033,Göppingen
73035,Göppingen
73037,Göppingen
73037,Eschenbach
73037,Heiningen (Kreis Göppingen)
73054,Eislingen/Fils
73061,Ebersbach an der Fils
73066,Uhingen
73072,Donzdorf
73072,Schwäbisch Gmünd
73079,Süßen
73084,Salach
73087,Bad Boll
73087,Zell unter Aichelberg
73092,Heiningen (Kreis Göppingen)
73095,Albershausen
73098,Rechberghausen
73099,Adelberg
73101,Aichelberg
73102,Birenbach (Kreis Göppingen)
73104,Börtlingen (Kreis Göppingen)
73105,Dürnau (Kreis Göppingen)
73107,Eschenbach
73107,Heiningen (Kreis Göppingen)
73108,Gammelshausen (Württemberg)
73110,Hattenhofen (Württemberg)
73111,Lauterstein
73113,Ottenbach
73114,Schlat
73116,Göppingen
73116,Wäschenbeuren
73117,Wangen (Kreis Göppingen)
73119,Zell unter Aichelberg
73207,Plochingen
73230,Kirchheim unter Teck
73235,Weilheim an der Teck
73240,Wendlingen am Neckar
73249,Wernau
73252,Lenningen
73257,Köngen
73262,Reichenbach an der Fils
73265,Dettingen unter Teck
73266,Lenningen
73266,Bissingen an der Teck
73268,Erkenbrechtsweiler
73269,Hochdorf bei Plochingen
73271,Holzmaden
73272,Neidlingen
73274,Notzingen
73275,Ohmden
73277,Owen
73278,Schlierbach
73312,Geislingen an der Steige
73312,Deggingen
73312,Bad Ditzenbach
73326,Deggingen
73329,Kuchen (Fils)
73333,Gingen an der Fils
73337,Bad Überkingen
73340,Amstetten
73342,Bad Ditzenbach
73344,Gruibingen
73345,Bad Ditzenbach
73345,Drackenstein
73345,Hohenstadt bei Geislingen an der Steige
73347,Mühlhausen im Täle
73349,Wiesensteig
73430,Aalen
73431,Aalen
73432,Aalen
73433,Aalen
73434,Aalen
73434,Hüttlingen
73441,Bopfingen
73447,Oberkochen
73450,Neresheim
73453,Hüttlingen
73453,Abtsgmünd
73457,Essingen (Württemberg)
73460,Hüttlingen
73463,Westhausen (Württemberg)
73466,Lauchheim
73467,Kirchheim am Ries
73469,Riesbürg
73479,Ellwangen (Jagst)
73485,Unterschneidheim
73486,Adelmannsfelden
73488,Ellenberg (Württemberg)
73489,Jagstzell
73491,Neuler
73492,Rainau
73494,Rosenberg (Württemberg)
73495,Stödtlen
73497,Tannhausen
73499,Wört
73525,Schwäbisch Gmünd
73527,Schwäbisch Gmünd
73527,Täferrot
73529,Schwäbisch Gmünd
73529,Ottenbach
73540,Heubach (Württemberg)
73547,Wäschenbeuren
73547,Lorch (Württemberg)
73550,Schwäbisch Gmünd
73550,Waldstetten (Ostalbkreis)
73553,Schwäbisch Gmünd
73553,Alfdorf
73553,Kaisersbach
73553,Welzheim
73557,Mutlangen
73560,Böbingen an der Rems
73563,Essingen (Württemberg)
73563,Mögglingen
73565,Spraitbach
73566,Essingen (Württemberg)
73566,Bartholomä
73566,Steinheim am Albuch
73568,Spraitbach
73568,Durlangen
73569,Eschach
73569,Obergröningen
73571,Göggingen
73572,Heuchlingen
73574,Iggingen
73575,Leinzell
73577,Spraitbach
73577,Ruppertshofen (Ostalbkreis)
73579,Schechingen
73614,Schorndorf
73630,Remshalden
73635,Welzheim
73635,Rudersberg
73642,Kaisersbach
73642,Welzheim
73642,Plüderhausen
73650,Winterbach (Remstal)
73655,Alfdorf
73655,Plüderhausen
73655,Urbach (Baden-Württemberg)
73660,Urbach (Baden-Württemberg)
73663,Berglen
73666,Baltmannsweiler
73667,Kaisersbach
73667,Welzheim
73669,Lichtenwald
73728,Esslingen am Neckar
73730,Esslingen am Neckar
73732,Esslingen am Neckar
73733,Esslingen am Neckar
73734,Esslingen am Neckar
73760,Ostfildern
73765,Neuhausen auf den Fildern
73770,Denkendorf (Württemberg)
73773,Aichwald
73776,Altbach
73779,Deizisau
74072,Heilbronn
74074,Heilbronn
74076,Heilbronn
74078,Heilbronn
74080,Heilbronn
74081,Heilbronn
74172,Neckarsulm
74177,Bad Friedrichshall
74182,Obersulm
74189,Weinsberg
74193,Schwaigern
74196,Neuenstadt am Kocher
74199,Untergruppenbach
74206,Bad Wimpfen
74211,Leingarten
74214,Schöntal
74219,Möckmühl
74223,Flein
74226,Nordheim (Württemberg)
74229,Oedheim
74232,Abstatt
74235,Erlenbach (Kreis Heilbronn)
74238,Krautheim (Jagst)
74239,Hardthausen am Kocher
74243,Langenbrettach
74245,Löwenstein
74246,Eberstadt
74248,Ellhofen
74249,Jagsthausen
74251,Lehrensteinsfeld
74252,Massenbachhausen
74254,Offenau
74255,Roigheim
74257,Untereisesheim
74259,Widdern
74321,Bietigheim-Bissingen
74336,Brackenheim
74343,Sachsenheim
74348,Lauffen am Neckar
74354,Besigheim
74357,Bönnigheim
74360,Ilsfeld
74363,Güglingen
74366,Kirchheim am Neckar
74369,Löchgau
74372,Sersheim
74374,Zaberfeld
74376,Gemmrigheim
74379,Ingersheim
74382,Neckarwestheim
74385,Pleidelsheim
74388,Talheim (Neckar)
74389,Cleebronn
74391,Erligheim
74392,Freudental
74394,Hessigheim
74395,Mundelsheim
74397,Pfaffenhofen (Württemberg)
74399,Walheim
74405,Gaildorf
74417,Gschwend
74420,Oberrot
74423,Obersontheim
74424,Bühlertann
74426,Bühlerzell
74427,Fichtenberg
74429,Sulzbach-Laufen
74523,Schwäbisch Hall
74532,Ilshofen
74535,Mainhardt
74538,Rosengarten (Kocher)
74541,Vellberg
74542,Braunsbach
74544,Michelbach an der Bilz
74545,Michelfeld
74547,Untermünkheim
74549,Wolpertshausen
74564,Crailsheim
74572,Blaufelden
74575,Schrozberg
74579,Fichtenau
74582,Gerabronn
74585,Rot am See
74586,Frankenhardt
74589,Satteldorf
74592,Kirchberg an der Jagst
74594,Kreßberg
74595,Langenburg
74597,Crailsheim
74597,Stimpfach
74599,Wallhausen (Württemberg)
74613,Öhringen
74626,Bretzfeld
74629,Pfedelbach
74632,Neuenstein (Hohenlohe)
74635,Kupferzell
74638,Waldenburg (Württemberg)
74639,Zweiflingen
74653,Ingelfingen
74653,Künzelsau
74670,Forchtenberg
74673,Mulfingen
74676,Niedernhall
74677,Dörzbach
74679,Weißbach (Hohenlohe)
74706,Osterburken
74722,Buchen (Odenwald)
74731,Walldürn
74736,Hardheim
74740,Adelsheim
74743,Seckach
74744,Ahorn (Baden)
74746,Höpfingen
74747,Ravenstein
74749,Rosenberg (Baden)
74821,Mosbach
74831,Gundelsheim (Württemberg)
74834,Elztal
74838,Limbach (Baden)
74842,Billigheim
74847,Obrigheim (Baden)
74850,Schefflenz
74855,Haßmersheim
74858,Aglasterhausen
74861,Neudenau
74862,Binau
74864,Fahrenbach
74865,Neckarzimmern
74867,Neunkirchen (Baden)
74869,Schwarzach (Odenwald)
74889,Sinsheim
74906,Bad Rappenau
74909,Meckesheim
74912,Kirchardt
74915,Waibstadt
74918,Angelbachtal
74921,Helmstadt-Bargen
74924,Neckarbischofsheim
74925,Epfenbach
74927,Eschelbronn
74928,Hüffenhardt
74930,Ittlingen
74931,Lobbach
74933,Neidenstein
74934,Reichartshausen
74936,Siegelsbach
74937,Spechbach
74939,Zuzenhausen
75015,Bretten (Baden)
75031,Eppingen
75038,Oberderdingen
75045,Walzbachtal
75050,Gemmingen
75053,Gondelsheim
75056,Sulzfeld (Baden)
75057,Kürnbach
75059,Zaisenhausen
75172,Pforzheim
75173,Pforzheim
75175,Pforzheim
75177,Pforzheim
75179,Pforzheim
75180,Pforzheim
75181,Pforzheim
75196,Remchingen
75203,Königsbach-Stein
75210,Keltern
75217,Birkenfeld (Württemberg)
75223,Niefern-Öschelbronn
75228,Ispringen
75233,Tiefenbronn
75236,Kämpfelbach
75239,Eisingen (Baden)
75242,Neuhausen (Enzkreis)
75245,Neulingen
75248,Ölbronn-Dürrn
75249,Kieselbronn
75305,Neuenbürg
75323,Bad Wildbad
75328,Schömberg (Landkreis Calw)
75331,Engelsbrand
75334,Straubenhardt
75335,Dobel
75337,Enzklösterle
75339,Höfen an der Enz
75365,Calw
75378,Bad Liebenzell
75382,Althengstett
75385,Bad Teinach-Zavelstein
75385,Neubulach
75387,Neubulach
75389,Neuweiler
75391,Gechingen
75392,Deckenpfronn
75394,Oberreichenbach (Schwarzwald)
75395,Ostelsheim
75397,Simmozheim
75399,Unterreichenbach
75417,Mühlacker
75428,Illingen (Württemberg)
75433,Maulbronn
75438,Knittlingen
75443,Ötisheim
75446,Wiernsheim
75447,Sternenfels
75449,Wurmberg
76131,Karlsruhe
76133,Karlsruhe
76135,Karlsruhe
76137,Karlsruhe
76139,Karlsruhe
76149,Karlsruhe
76185,Karlsruhe
76187,Karlsruhe
76189,Karlsruhe
76199,Karlsruhe
76227,Karlsruhe
76228,Karlsruhe
76229,Karlsruhe
76275,Ettlingen
76287,Rheinstetten
76297,Stutensee
76307,Karlsbad
76316,Malsch (Kreis Karlsruhe)
76327,Pfinztal
76332,Bad Herrenalb
76337,Waldbronn
76344,Eggenstein-Leopoldshafen
76351,Linkenheim-Hochstetten
76356,Weingarten (Baden)
76359,Marxzell
76437,Rastatt
76448,Durmersheim
76456,Kuppenheim
76461,Muggensturm
76467,Bietigheim
76470,Ötigheim
76473,Iffezheim
76474,Au am Rhein
76476,Bischweier
76477,Elchesheim-Illingen
76479,Steinmauern
76530,Baden-Baden
76532,Baden-Baden
76534,Baden-Baden
76547,Sinzheim
76549,Hügelsheim
76571,Gaggenau
76593,Gernsbach
76596,Forbach
76597,Loffenau
76599,Weisenbach
76646,Bruchsal
76661,Philippsburg
76669,Bad Schönborn
76676,Graben-Neudorf
76684,Östringen
76689,Karlsdorf-Neuthard
76694,Forst (Baden)
76698,Ubstadt-Weiher
76703,Kraichtal
76706,Dettenheim
76707,Hambrücken
76709,Kronau
77652,Offenburg
77654,Offenburg
77656,Offenburg
77694,Kehl
77704,Oberkirch (Baden)
77709,Oberwolfach
77709,Wolfach
77716,Fischerbach
77716,Haslach im Kinzigtal
77716,Hofstetten (Baden)
77723,Gengenbach
77728,Oppenau
77731,Willstätt
77736,Zell am Harmersbach
77740,Bad Peterstal-Griesbach
77743,Neuried (Baden)
77746,Schutterwald
77749,Hohberg
77756,Hausach
77761,Schiltach
77767,Appenweier
77770,Durbach
77773,Schenkenzell
77776,Bad Rippoldsau-Schapbach
77781,Biberach (Baden)
77784,Oberharmersbach
77787,Nordrach
77790,Steinach (Baden)
77791,Berghaupten
77793,Gutach (Schwarzwaldbahn)
77794,Lautenbach
77796,Mühlenbach
77797,Ohlsbach
77799,Ortenberg (Baden)
77815,Bühl (Baden)
77830,Bühlertal
77833,Ottersweier
77836,Rheinmünster
77839,Lichtenau (Baden)
77855,Achern
77866,Rheinau (Baden)
77871,Renchen
77876,Kappelrodeck
77880,Sasbach bei Achern
77883,Ottenhöfen im Schwarzwald
77886,Lauf (Baden)
77887,Sasbachwalden
77889,Seebach (Baden)
77933,Lahr/Schwarzwald
77948,Friesenheim (Baden)
77955,Ettenheim
77960,Seelbach (Schutter)
77963,Schwanau
77966,Kappel-Grafenhausen
77971,Kippenheim
77972,Mahlberg
77974,Meißenheim
77975,Ringsheim
77977,Rust (Baden)
77978,Schuttertal
78048,Villingen-Schwenningen
78050,Villingen-Schwenningen
78052,Villingen-Schwenningen
78054,Villingen-Schwenningen
78056,Villingen-Schwenningen
78073,Bad Dürrheim
78078,Niedereschach
78083,Dauchingen
78086,Brigachtal
78087,Mönchweiler
78089,Unterkirnach
78098,Triberg im Schwarzwald
78112,Sankt Georgen im Schwarzwald
78120,Furtwangen im Schwarzwald
78126,Königsfeld im Schwarzwald
78132,Hornberg
78136,Schonach im Schwarzwald
78141,Schönwald im Schwarzwald
78144,Schramberg
78147,Vöhrenbach
78148,Gütenbach
78166,Donaueschingen
78176,Blumberg
78183,Hüfingen
78187,Geisingen
78194,Immendingen
78199,Bräunlingen
78224,Singen
78234,Engen
78239,Rielasingen-Worblingen
78244,Gottmadingen
78247,Hilzingen
78250,Tengen
78253,Eigeltingen
78256,Steißlingen
78259,Mühlhausen-Ehingen
78262,Gailingen am Hochrhein
78266,Büsingen am Hochrhein
78267,Aach (Hegau)
78269,Volkertshausen
78315,Radolfzell am Bodensee
78333,Stockach
78337,Öhningen
78343,Gaienhofen
78345,Moos (Bodensee)
78351,Bodman-Ludwigshafen
78354,Sipplingen
78355,Hohenfels bei Stockach
78357,Mühlingen
78359,Orsingen-Nenzingen
78462,Konstanz
78464,Konstanz
78465,Konstanz
78467,Konstanz
78476,Allensbach
78479,Reichenau
78532,Tuttlingen
78549,Spaichingen
78554,Aldingen
78554,Denkingen
78559,Gosheim
78564,Reichenbach am Heuberg
78564,Wehingen
78567,Fridingen an der Donau
78567,Buchheim
78570,Mühlheim an der Donau
78573,Wurmlingen
78576,Emmingen-Liptingen
78579,Neuhausen ob Eck
78580,Bärenthal
78582,Balgheim
78583,Böttingen
78585,Bubsheim
78586,Deilingen
78588,Denkingen
78589,Dürbheim
78591,Durchhausen
78592,Egesheim
78594,Gunningen
78595,Hausen ob Verena
78597,Irndorf
78598,Königsheim
78600,Kolbingen
78601,Mahlstetten
78603,Renquishausen
78604,Rietheim-Weilheim
78606,Seitingen-Oberflacht
78607,Talheim (Kreis Tuttlingen)
78609,Tuningen
78628,Rottweil
78647,Trossingen
78652,Deißlingen
78652,Zimmern ob Rottweil
78655,Dunningen
78658,Zimmern ob Rottweil
78661,Dietingen
78662,Bösingen
78664,Eschbronn
78665,Frittlingen
78667,Villingendorf
78669,Wellendingen
78713,Schramberg
78713,Dunningen
78727,Oberndorf am Neckar
78730,Lauterbach (Schwarzwald)
78733,Aichhalden
78736,Epfendorf
78737,Fluorn-Winzeln
78739,Hardt (Schwarzwald)
79098,Freiburg im Breisgau
79100,Freiburg im Breisgau
79102,Freiburg im Breisgau
79104,Freiburg im Breisgau
79106,Freiburg im Breisgau
79108,Freiburg im Breisgau
79110,Freiburg im Breisgau
79111,Freiburg im Breisgau
79112,Freiburg im Breisgau
79114,Freiburg im Breisgau
79115,Freiburg im Breisgau
79117,Freiburg im Breisgau
79183,Waldkirch
79189,Bad Krozingen
79194,Gundelfingen (Breisgau)
79194,Heuweiler
79199,Kirchzarten
79206,Breisach am Rhein
79211,Denzlingen
79215,Biederbach
79215,Elzach
79219,Staufen im Breisgau
79224,Umkirch
79227,Schallstadt
79232,March (Breisgau)
79235,Vogtsburg im Kaiserstuhl
79238,Ehrenkirchen
79241,Ihringen
79244,Münstertal/Schwarzwald
79249,Merzhausen
79252,Stegen
79254,Oberried (Breisgau)
79256,Buchenbach
79258,Hartheim am Rhein
79261,Gutach im Breisgau
79263,Simonswald
79268,Bötzingen
79271,Simonswald
79271,Sankt Peter (Schwarzwald)
79274,Sankt Märgen
79276,Reute (Breisgau)
79279,Vörstetten
79280,Au (Breisgau)
79282,Ballrechten-Dottingen
79283,Bollschweil
79285,Ebringen
79286,Glottertal
79288,Gottenheim
79289,Horben
79291,Merdingen
79292,Pfaffenweiler
79294,Sölden
79295,Sulzburg
79297,Winden im Elztal
79299,Wittnau
79312,Emmendingen
79312,Teningen
79331,Teningen
79336,Herbolzheim
79341,Kenzingen
79346,Endingen am Kaiserstuhl
79348,Freiamt
79350,Sexau
79353,Bahlingen am Kaiserstuhl
79356,Eichstetten am Kaiserstuhl
79359,Riegel am Kaiserstuhl
79361,Sasbach am Kaiserstuhl
79362,Forchheim (Kaiserstuhl)
79364,Malterdingen
79365,Rheinhausen
79367,Weisweil
79369,Wyhl am Kaiserstuhl
79379,Müllheim (Baden)
79395,Neuenburg am Rhein
79400,Kandern
79410,Badenweiler
79415,Bad Bellingen
79418,Schliengen
79423,Heitersheim
79424,Auggen
79426,Buggingen
79427,Eschbach (Markgräflerland)
79429,Malsburg-Marzell
79539,Lörrach
79540,Lörrach
79541,Lörrach
79576,Weil am Rhein
79585,Steinen (Baden)
79588,Efringen-Kirchen
79589,Binzen
79591,Eimeldingen
79592,Fischingen (Baden)
79594,Inzlingen
79595,Rümmingen
79597,Schallbach
79599,Wittlingen
79618,Rheinfelden (Baden)
79639,Grenzach-Wyhlen
79650,Schopfheim
79664,Wehr (Baden)
79669,Zell im Wiesental
79674,Todtnau
79677,Aitern
79677,Böllen
79677,Fröhnd
79677,Schönau im Schwarzwald
79677,Schönenberg (Schwarzwald)
79677,Tunau
79677,Wembach
79682,Todtmoos
79685,Häg-Ehrsberg
79686,Hasel
79688,Hausen im Wiesental
79689,Maulburg
79692,Kleines Wiesental
79694,Utzenfeld
79695,Wieden (Schwarzwald)
79713,Bad Säckingen
79725,Laufenburg (Baden)
79730,Murg
79733,Görwihl
79736,Rickenbach
79737,Herrischried
79739,Schwörstadt
79761,Waldshut-Tiengen
79771,Klettgau
79774,Albbruck
79777,Ühlingen-Birkendorf
79780,Stühlingen
79787,Lauchringen
79790,Küssaberg
79793,Wutöschingen
79798,Jestetten
79801,Hohentengen am Hochrhein
79802,Dettighofen
79804,Dogern
79805,Eggingen
79807,Lottstetten
79809,Weilheim (Baden)
79822,Titisee-Neustadt
79837,Häusern
79837,Ibach
79837,Sankt Blasien
79837,Dachsberg (Südschwarzwald)
79843,Löffingen
79848,Bonndorf im Schwarzwald
79853,Lenzkirch
79856,Hinterzarten
79859,Schluchsee
79862,Höchenschwand
79865,Grafenhausen
79868,Feldberg (Schwarzwald)
79871,Eisenbach (Hochschwarzwald)
79872,Bernau im Schwarzwald
79874,Breitnau
79875,Dachsberg (Südschwarzwald)
79877,Friedenweiler
79879,Wutach
88045,Friedrichshafen
88046,Friedrichshafen
88048,Friedrichshafen
88069,Tettnang
88074,Meckenbeuren
88079,Tettnang
88079,Kressbronn am Bodensee
88085,Langenargen
88090,Immenstaad am Bodensee
88094,Oberteuringen
88097,Eriskirch
88099,Neukirch bei Tettnang
88147,Achberg
88212,Ravensburg
88213,Ravensburg
88214,Ravensburg
88239,Wangen im Allgäu
88250,Weingarten (Württemberg)
88255,Baienfurt
88255,Baindt
88260,Argenbühl
88263,Horgenzell
88267,Vogt
88271,Wilhelmsdorf (Württemberg)
88273,Fronreute
88276,Berg (Schussental)
88279,Amtzell
88281,Schlier
88284,Wolpertswende
88285,Bodnegg
88287,Grünkraut
88289,Waldburg
88299,Leutkirch im Allgäu
88316,Isny im Allgäu
88317,Aichstetten
88319,Aitrach
88326,Aulendorf
88339,Bad Waldsee
88348,Allmannsweiler
88348,Bad Saulgau
88353,Kißlegg
88356,Ostrach
88361,Altshausen
88361,Boms
88361,Eichstegen
88364,Wolfegg
88367,Hohentengen (Oberschwaben)
88368,Bergatreute
88370,Ebenweiler
88371,Ebersbach-Musbach
88373,Fleischwangen
88374,Hoßkirch
88376,Königseggwald
88377,Riedhausen
88379,Guggenhausen
88379,Unterwaldhausen
88400,Biberach an der Riß
88410,Bad Wurzach
88416,Erlenmoos
88416,Ochsenhausen
88416,Steinhausen an der Rottum
88422,Alleshausen
88422,Bad Buchau
88422,Betzenweiler
88422,Dürnau (Kreis Biberach)
88422,Kanzach bei Bad Buchau
88422,Moosburg (Federsee)
88422,Oggelshausen
88422,Seekirch
88422,Tiefenbach (Federsee)
88427,Bad Schussenried
88430,Rot an der Rot
88433,Schemmerhofen
88436,Eberhardzell
88436,Hochdorf (Riß)
88437,Maselheim
88441,Mittelbiberach
88444,Ummendorf bei Biberach
88447,Warthausen
88448,Attenweiler
88450,Berkheim
88451,Dettingen an der Iller
88453,Erolzheim
88454,Hochdorf (Riß)
88456,Ingoldingen
88457,Kirchdorf an der Iller
88459,Tannheim (Württemberg)
88471,Laupheim
88477,Schwendi
88480,Achstetten
88481,Balzheim
88483,Burgrieden
88484,Gutenzell-Hürbel
88486,Kirchberg an der Iller
88487,Mietingen
88489,Wain
88499,Altheim bei Riedlingen
88499,Emeringen
88499,Riedlingen
88512,Mengen
88515,Langenenslingen
88518,Herbertingen
88521,Ertingen
88524,Uttenweiler
88525,Dürmentingen
88527,Unlingen
88529,Zwiefalten
88605,Meßkirch
88605,Sauldorf
88630,Pfullendorf
88631,Beuron
88633,Heiligenberg
88634,Herdwangen-Schönach
88636,Illmensee
88637,Buchheim
88637,Leibertingen
88639,Wald (Hohenzollern)
88662,Überlingen
88677,Markdorf
88682,Salem (Baden)
88690,Uhldingen-Mühlhofen
88693,Deggenhausertal
88696,Owingen
88697,Bermatingen
88699,Frickingen
88709,Hagnau am Bodensee
88709,Meersburg
88718,Daisendorf
88719,Stetten (Bodenseekreis)
89073,Ulm
89075,Ulm
89077,Ulm
89079,Ulm
89081,Ulm
89129,Langenau
89129,Nerenstetten
89129,Öllingen (Württemberg)
89129,Setzingen
89134,Blaustein
89143,Blaubeuren
89150,Laichingen
89155,Erbach (Donau)
89160,Ulm
89160,Dornstadt
89165,Wain
89165,Dietenheim
89168,Niederstotzingen
89171,Illerkirchberg
89173,Lonsee
89174,Altheim (Alb)
89176,Asselfingen
89177,Ballendorf
89177,Börslingen
89179,Beimerstetten
89180,Berghülen
89182,Bernstadt (Württemberg)
89183,Breitingen
89183,Holzkirch
89185,Hüttisheim
89186,Illerrieden
89188,Merklingen (Alb)
89189,Neenstetten
89191,Nellingen (Alb)
89192,Rammingen (Württemberg)
89194,Schnürpflingen
89195,Staig
89197,Weidenstetten
89198,Westerstetten
89518,Heidenheim an der Brenz
89520,Heidenheim an der Brenz
89522,Heidenheim an der Brenz
89522,Giengen an der Brenz
89537,Giengen an der Brenz
89537,Hermaringen
89542,Herbrechtingen
89547,Gerstetten
89551,Königsbronn
89555,Steinheim am Albuch
89558,Böhmenkirch
89561,Dischingen
89564,Nattheim
89567,Sontheim an der Brenz
89568,Hermaringen
89584,Ehingen (Donau)
89584,Lauterach (Württemberg)
89597,Hausen am Bussen
89597,Munderkingen
89597,Unterwachingen
89601,Schelklingen
89604,Allmendingen
89605,Altheim bei Ehingen (Donau)
89607,Emerkingen
89608,Griesingen
89610,Oberdischingen
89611,Obermarchtal
89611,Rechtenstein
89613,Grundsheim
89613,Oberstadion
89614,Öpfingen
89616,Rottenacker
89617,Untermarchtal
89619,Unterstadion
97877,Wertheim
97896,Freudenberg (Baden)
97900,Külsheim (Baden)
97922,Lauda-Königshofen
97941,Tauberbischofsheim
97944,Boxberg (Baden)
97947,Grünsfeld
97950,Großrinderfeld
97953,Königheim
97956,Werbach
97957,Wittighausen
97959,Assamstadt
97980,Bad Mergentheim
97990,Weikersheim
97993,Creglingen
97996,Niederstetten
97999,Igersheim