63739,Aschaffenburg
63741,Aschaffenburg
63743,Aschaffenburg
63755,Alzenau
63762,Großostheim
63768,Hösbach
63773,Goldbach (Unterfranken)
63776,Mömbris
63785,Obernburg am Main
63791,Karlstein am Main
63796,Kahl am Main
63801,Kleinostheim
63808,Haibach (Unterfranken)
63811,Stockstadt am Main
63814,Mainaschaff
63820,Elsenfeld
63825,Blankenbach
63825,Schöllkrippen
63825,Sommerkahl
63825,Westerngrund
63826,Geiselbach
63828,Kleinkahl
63829,Krombach (Unterfranken)
63831,Wiesen
63834,Sulzbach am Main
63839,Kleinwallstadt
63840,Hausen bei Aschaffenburg
63843,Niedernberg
63846,Laufach
63849,Leidersbach
63853,Mömlingen
63856,Bessenbach
63857,Waldaschaff
63860,Rothenbuch
63863,Eschau
63864,Glattbach
63867,Johannesberg
63868,Großwallstadt
63869,Heigenbrücken
63871,Heinrichsthal
63872,Heimbuchenthal
63874,Dammbach
63875,Mespelbrunn
63877,Sailauf
63879,Weibersbrunn
63897,Miltenberg
63906,Erlenbach am Main
63911,Klingenberg am Main
63916,Amorbach
63920,Großheubach
63924,Kleinheubach
63924,Rüdenau
63925,Laudenbach (Unterfranken)
63927,Bürgstadt
63928,Eichenbühl
63930,Neunkirchen (Unterfranken)
63931,Kirchzell
63933,Mönchberg
63934,Röllbach
63936,Schneeberg (Unterfranken)
63937,Weilbach
63939,Wörth am Main
74731,Eichenbühl
80331,München
80333,München
80335,München
80336,München
80337,München
80339,München
80469,München
80538,München
80539,München
80634,München
80636,München
80637,München
80638,München
80639,München
80686,München
80687,München
80689,München
80796,München
80797,München
80798,München
80799,München
80801,München
80802,München
80803,München
80804,München
80805,München
80807,München
80809,München
80933,München
80935,München
80937,München
80939,München
80992,München
80993,München
80995,München
80997,München
80999,München
81241,München
81243,München
81245,München
81247,München
81249,München
81369,München
81371,München
81373,München
81375,München
81377,München
81379,München
81475,München
81476,München
81477,München
81479,München
81539,München
81541,München
81543,München
81545,München
81547,München
81549,München
81667,München
81669,München
81671,München
81673,München
81675,München
81677,München
81679,München
81735,München
81737,München
81739,München
81825,München
81827,München
81829,München
81925,München
81927,München
81929,München
82008,Unterhaching
82024,Taufkirchen (München)
82031,Grünwald
82041,Oberhaching
82049,Pullach im Isartal
82054,Sauerlach
82057,Icking
82061,Neuried (München)
82064,Grünwald
82064,Oberhaching
82064,Straßlach-Dingharting
82065,Baierbrunn
82067,Schäftlarn
82069,Schäftlarn
82110,Germering
82131,Neuried (München)
82131,Gauting
82140,Olching
82152,Planegg
82152,Krailling
82166,Gräfelfing
82178,Puchheim
82194,Gröbenzell
82205,Gilching
82211,Herrsching am Ammersee
82216,Maisach
82223,Eichenau
82229,Seefeld (Oberbayern)
82234,Weßling
82237,Wörthsee
82239,Alling
82256,Fürstenfeldbruck
82266,Inning am Ammersee
82269,Geltendorf
82272,Moorenweis
82275,Emmering
82276,Adelshofen (Oberbayern)
82278,Althegnenberg
82279,Eching am Ammersee
82281,Egenhofen
82284,Grafrath
82285,Hattenhofen (Bayern)
82287,Jesenwang
82288,Kottgeisering
82290,Landsberied
82291,Mammendorf
82293,Mittelstetten
82294,Oberschweinbach
82296,Schöngeising
82297,Steindorf
82299,Türkenfeld
82319,Starnberg
82327,Tutzing
82335,Berg (Starnberger See)
82340,Feldafing
82343,Pöcking
82346,Andechs
82347,Bernried am Starnberger See
82349,Krailling
82362,Weilheim in Oberbayern
82377,Penzberg
82380,Peißenberg
82383,Hohenpeißenberg
82386,Huglfing
82386,Oberhausen bei Peißenberg
82387,Antdorf
82389,Böbing
82390,Eberfing
82392,Habach
82393,Iffeldorf
82395,Obersöchering
82396,Pähl
82398,Polling bei Weilheim
82399,Raisting
82401,Rottenbuch
82402,Seeshaupt
82404,Sindelsdorf
82405,Wessobrunn
82407,Wielenbach
82409,Wildsteig
82418,Murnau am Staffelsee
82418,Riegsee
82418,Seehausen am Staffelsee
82418,Spatzenhausen
82431,Kochel am See
82432,Kochel am See
82433,Bad Kohlgrub
82435,Bad Bayersoien
82436,Eglfing
82438,Eschenlohe
82439,Großweil
82439,Schlehdorf
82441,Ohlstadt
82442,Saulgrub
82444,Schlehdorf
82445,Schwaigen
82447,Spatzenhausen
82449,Uffing am Staffelsee
82467,Garmisch-Partenkirchen
82467,Krün
82475,Garmisch-Partenkirchen
82481,Mittenwald
82487,Oberammergau
82488,Ettal
82490,Farchant
82491,Grainau
82493,Krün
82494,Krün
82496,Oberau
82497,Unterammergau
82499,Wallgau
82515,Wolfratshausen
82538,Geretsried
82541,Münsing
82544,Egling
82547,Eurasburg (Oberbayern)
82549,Königsdorf
83022,Rosenheim
83024,Rosenheim
83026,Rosenheim
83043,Bad Aibling
83052,Bruckmühl
83059,Kolbermoor
83064,Raubling
83071,Stephanskirchen
83075,Bad Feilnbach
83080,Oberaudorf
83083,Riedering
83088,Kiefersfelden
83093,Bad Endorf
83098,Brannenburg
83101,Rohrdorf am Inn
83104,Tuntenhausen
83109,Großkarolinenfeld
83112,Frasdorf
83115,Neubeuern
83119,Obing
83122,Samerberg
83123,Amerang
83125,Eggstätt
83126,Flintsbach am Inn
83128,Halfing
83129,Höslwang
83131,Nußdorf am Inn
83132,Pittenhart
83134,Prutting
83135,Schechen
83137,Schonstett
83139,Söchtenau
83209,Prien am Chiemsee
83209,Chiemsee
83224,Grassau
83224,Staudach-Egerndach
83229,Aschau im Chiemgau
83233,Bernau am Chiemsee
83236,Übersee
83242,Reit im Winkl
83246,Unterwössen
83250,Marquartstein
83253,Rimsting
83254,Breitbrunn am Chiemsee
83256,Chiemsee
83257,Gstadt am Chiemsee
83259,Schleching
83278,Traunstein
83301,Traunreut
83308,Trostberg
83313,Siegsdorf
83317,Teisendorf
83324,Ruhpolding
83329,Waging am See
83329,Kirchanschöring
83334,Inzell
83339,Chieming
83342,Tacherting
83346,Bergen (Chiemgau)
83349,Palling
83352,Altenmarkt an der Alz
83355,Grabenstätt
83358,Seeon-Seebruck
83361,Kienberg
83362,Surberg
83364,Teisendorf
83365,Nußdorf (Chiemgau)
83367,Petting
83368,Traunreut
83370,Seeon-Seebruck
83371,Traunreut
83373,Taching am See
83374,Traunreut
83376,Seeon-Seebruck
83377,Vachendorf
83379,Wonneberg
83395,Freilassing
83404,Ainring
83410,Laufen (Salzach)
83413,Fridolfing
83416,Saaldorf-Surheim
83417,Kirchanschöring
83435,Bad Reichenhall
83451,Piding
83454,Anger
83457,Bayerisch Gmain
83458,Schneizlreuth
83471,Berchtesgaden
83471,Schönau am Königssee
83483,Bischofswiesen
83486,Ramsau bei Berchtesgaden
83487,Marktschellenberg
83512,Wasserburg am Inn
83527,Haag in Oberbayern
83527,Kirchdorf bei Haag
83530,Schnaitsee
83533,Edling
83536,Gars am Inn
83539,Pfaffing
83543,Rott am Inn
83544,Albaching
83546,Gars am Inn
83547,Babensham
83549,Eiselfing
83550,Emmering (Landkreis Ebersberg)
83553,Frauenneuharting
83555,Gars am Inn
83556,Griesstätt
83558,Maitenbeth
83559,Gars am Inn
83561,Ramerberg
83562,Rechtmehring
83564,Soyen
83567,Unterreit
83569,Vogtareuth
83607,Holzkirchen (Oberbayern)
83620,Feldkirchen-Westerham
83623,Dietramszell
83624,Otterfing
83626,Valley
83627,Warngau
83629,Weyarn
83646,Bad Tölz
83646,Wackersberg
83661,Lenggries
83666,Waakirchen
83670,Bad Heilbrunn
83671,Benediktbeuern
83673,Bichl
83674,Gaißach
83676,Jachenau
83677,Greiling
83677,Reichersbeuern
83679,Sachsenkam
83684,Tegernsee
83700,Rottach-Egern
83703,Gmund am Tegernsee
83707,Bad Wiessee
83708,Kreuth
83714,Miesbach
83727,Schliersee
83730,Fischbachau
83734,Hausham
83735,Bayrischzell
83737,Irschenberg
84028,Landshut
84030,Landshut
84030,Ergolding
84032,Landshut
84032,Altdorf (Niederbayern)
84034,Landshut
84036,Landshut
84036,Kumhausen
84048,Mainburg
84051,Essenbach
84056,Rottenburg an der Laaber
84061,Ergoldsbach
84066,Mallersdorf-Pfaffenberg
84069,Schierling
84072,Au in der Hallertau
84076,Pfeffenhausen
84079,Bruckberg (Niederbayern)
84082,Laberweinting
84085,Langquaid
84088,Neufahrn in Niederbayern
84089,Aiglsbach
84091,Attenhofen
84092,Bayerbach bei Ergoldsbach
84094,Elsendorf
84095,Furth (Niederbayern)
84097,Herrngiersdorf
84098,Hohenthann
84100,Niederaichbach
84101,Obersüßbach
84103,Postau
84104,Rudelzhausen
84106,Volkenschwand
84107,Weihmichl
84109,Wörth an der Isar
84130,Dingolfing
84137,Vilsbiburg
84140,Gangkofen
84144,Geisenhausen
84149,Velden (Vils)
84152,Mengkofen
84155,Bodenkirchen
84160,Frontenhausen
84163,Marklkofen
84164,Moosthenning
84166,Adlkofen
84168,Aham
84169,Altfraunhofen
84171,Baierbach
84172,Buch am Erlbach
84174,Eching (Kreis Landshut)
84175,Gerzen
84175,Schalkham
84177,Gottfrieding
84178,Kröning
84180,Loiching
84181,Neufraunhofen
84183,Niederviehbach
84184,Tiefenbach bei Landshut
84186,Vilsheim
84187,Weng
84189,Wurmsham
84307,Eggenfelden
84323,Massing
84326,Falkenberg (Niederbayern)
84326,Rimbach (Niederbayern)
84329,Wurmannsquick
84332,Hebertsfelden
84333,Malgersdorf
84335,Mitterskirchen
84337,Schönau (Rottal)
84339,Unterdietfurt
84347,Pfarrkirchen
84359,Simbach am Inn
84364,Bad Birnbach
84367,Reut
84367,Tann (Niederbayern)
84367,Zeilarn
84371,Triftern
84375,Kirchdorf am Inn
84378,Dietersburg
84381,Johanniskirchen
84384,Wittibreut
84385,Egglham
84387,Julbach
84389,Postmünster
84405,Dorfen
84416,Inning am Holz
84416,Taufkirchen (Vils)
84419,Obertaufkirchen
84419,Schwindegg
84424,Isen
84427,Sankt Wolfgang
84428,Buchbach
84431,Heldenstein
84431,Rattenkirchen
84432,Hohenpolding
84434,Kirchberg (Oberbayern)
84435,Lengdorf
84437,Reichertsheim
84439,Steinkirchen (Oberbayern)
84453,Mühldorf am Inn
84478,Waldkraiburg
84489,Burghausen
84494,Lohkirchen
84494,Neumarkt-Sankt Veit
84494,Niederbergkirchen
84494,Niedertaufkirchen
84503,Altötting
84508,Burgkirchen an der Alz
84513,Erharting
84513,Töging am Inn
84518,Garching an der Alz
84524,Neuötting
84529,Tittmoning
84533,Haiming
84533,Marktl
84533,Stammham am Inn
84539,Ampfing
84539,Zangberg
84543,Winhöring
84544,Aschau am Inn
84546,Egglkofen
84547,Emmerting
84549,Engelsberg
84550,Feichten an der Alz
84552,Geratskirchen
84553,Halsbach
84555,Jettenbach (Oberbayern)
84556,Kastl
84558,Kirchweidach
84558,Tyrlaching
84559,Kraiburg am Inn
84561,Mehring
84562,Mettenheim (Bayern)
84564,Oberbergkirchen
84565,Oberneukirchen
84567,Erlbach
84567,Perach
84568,Pleiskirchen
84570,Polling bei Mühldorf am Inn
84571,Reischach
84573,Schönberg (Oberbayern)
84574,Taufkirchen (Mühldorf am Inn)
84576,Teising
84577,Tüßling
84579,Unterneukirchen
85049,Ingolstadt
85051,Ingolstadt
85053,Ingolstadt
85055,Ingolstadt
85057,Ingolstadt
85072,Eichstätt
85077,Manching
85080,Gaimersheim
85084,Reichertshofen
85088,Vohburg an der Donau
85092,Kösching
85092,Stammham bei Ingolstadt
85095,Denkendorf (Oberbayern)
85098,Großmehring
85101,Lenting
85104,Pförring
85107,Baar-Ebenhausen
85110,Kipfenberg
85111,Adelschlag
85113,Böhmfeld
85114,Buxheim
85116,Egweil
85117,Eitensheim
85119,Ernsgaden
85120,Hepberg
85122,Hitzhofen
85123,Karlskron
85125,Kinding
85126,Münchsmünster
85128,Nassenfels
85129,Oberdolling
85131,Pollenfeld
85132,Schernfeld
85134,Stammham bei Ingolstadt
85135,Titting
85137,Walting
85139,Wettstetten
85221,Dachau
85229,Markt Indersdorf
85232,Bergkirchen
85235,Odelzhausen
85235,Pfaffenhofen an der Glonn
85238,Petershausen
85241,Hebertshausen
85244,Röhrmoos
85247,Schwabhausen (Oberbayern)
85250,Altomünster
85253,Erdweg
85254,Sulzemoos
85256,Vierkirchen
85258,Weichs
85259,Sulzemoos
85276,Pfaffenhofen an der Ilm
85276,Hettenshausen
85283,Wolnzach
85290,Geisenfeld
85293,Reichertshausen
85296,Rohrbach (Ilm)
85298,Scheyern
85301,Schweitenkirchen
85302,Gerolsbach
85304,Hettenshausen
85304,Ilmmünster
85305,Jetzendorf
85307,Hettenshausen
85307,Paunzhausen
85309,Pörnbach
85354,Freising
85356,Freising
85368,Moosburg an der Isar
85368,Wang
85375,Neufahrn bei Freising
85376,Neufahrn bei Freising
85386,Eching (Landkreis Freising)
85391,Allershausen
85395,Attenkirchen
85395,Wolfersdorf
85395,Nandlstadt
85399,Hallbergmoos
85402,Kranzberg
85405,Nandlstadt
85406,Zolling
85408,Gammelsdorf
85410,Haag an der Amper
85411,Hohenkammer
85413,Hörgertshausen
85414,Kirchdorf an der Amper
85416,Langenbach (Oberbayern)
85417,Marzling
85419,Mauern
85435,Erding
85445,Oberding
85447,Fraunberg
85452,Moosinning
85456,Wartenberg (Oberbayern)
85457,Wörth (Landkreis Erding)
85459,Berglern
85461,Bockhorn (Oberbayern)
85462,Eitting
85464,Finsing
85465,Langenpreising
85467,Neuching
85469,Walpertskirchen
85521,Ottobrunn
85521,Hohenbrunn
85540,München
85540,Haar
85551,Kirchheim bei München
85560,Ebersberg
85567,Bruck (Oberbayern)
85567,Grafing bei München
85570,Markt Schwaben
85570,Ottenhofen
85579,Neubiberg
85586,Poing
85591,Vaterstetten
85598,Vaterstetten
85599,Vaterstetten
85604,Zorneding
85609,Aschheim
85614,Kirchseeon
85617,Aßling
85622,Vaterstetten
85622,Feldkirchen (München)
85625,Baiern
85625,Glonn
85630,Grasbrunn
85635,Höhenkirchen-Siegertsbrunn
85640,Putzbrunn
85643,Steinhöring
85646,Vaterstetten
85646,Anzing
85649,Brunnthal
85652,Pliening
85653,Aying
85656,Buch am Buchrain
85658,Egmating
85659,Forstern
85661,Forstinning
85662,Hohenbrunn
85664,Hohenlinden
85665,Moosach
85667,Oberpframmern
85669,Pastetten
85716,Unterschleißheim
85737,Ismaning
85748,Garching bei München
85757,Karlsfeld
85764,Hebertshausen
85764,Oberschleißheim
85774,Unterföhring
85777,Fahrenzhausen
85778,Haimhausen
86150,Augsburg
86152,Augsburg
86153,Augsburg
86154,Augsburg
86156,Augsburg
86157,Augsburg
86159,Augsburg
86161,Augsburg
86163,Augsburg
86165,Augsburg
86167,Augsburg
86169,Augsburg
86179,Augsburg
86199,Augsburg
86316,Friedberg (Bayern)
86343,Königsbrunn
86356,Neusäß
86368,Gersthofen
86381,Krumbach (Schwaben)
86391,Stadtbergen
86399,Bobingen
86405,Meitingen
86415,Mering
86420,Diedorf (Bayern)
86424,Dinkelscherben
86438,Kissing
86441,Zusmarshausen
86444,Affing
86447,Aindling
86447,Todtenweis
86450,Altenmünster
86453,Dasing
86456,Gablingen
86459,Gessertshausen
86462,Langweid am Lech
86465,Heretsried
86465,Welden
86470,Thannhausen
86473,Ziemetshausen
86476,Neuburg an der Kammel
86477,Adelsried
86479,Aichen
86480,Aletshausen
86480,Waltenhausen
86482,Aystetten
86483,Balzhausen
86485,Biberbach
86486,Bonstetten
86488,Breitenthal (Schwaben)
86489,Deisenhausen
86491,Ebershausen
86492,Egling an der Paar
86494,Emersacker
86495,Eurasburg (Schwaben)
86497,Horgau
86498,Kettershausen
86500,Kutzenhausen
86502,Laugna
86504,Merching
86505,Münsterhausen
86507,Kleinaitingen
86507,Oberottmarshausen
86508,Rehling
86510,Ried
86511,Schmiechen
86513,Ursberg
86514,Ustersbach
86517,Wehringen
86519,Wiesenbach (Schwaben)
86529,Schrobenhausen
86551,Aichach
86554,Pöttmes
86556,Kühbach
86558,Hohenwart
86559,Adelzhausen
86561,Aresing
86562,Berg im Gau
86564,Brunnen
86565,Gachenbach
86567,Hilgertshausen-Tandern
86568,Hollenbach
86570,Inchenhofen
86571,Langenmosen
86573,Obergriesbach
86574,Petersdorf (Schwaben)
86576,Schiltberg
86577,Sielenbach
86579,Waidhofen
86609,Donauwörth
86633,Neuburg an der Donau
86637,Binswangen
86637,Villenbach
86637,Wertingen
86637,Zusamaltheim
86641,Rain (Lech)
86643,Rennertshofen
86647,Buttenwiesen
86650,Wemding
86653,Daiting
86653,Monheim (Schwaben)
86655,Harburg (Schwaben)
86657,Bissingen (Bayern)
86660,Tapfheim
86663,Asbach-Bäumenheim
86666,Burgheim
86668,Karlshuld
86669,Königsmoos
86672,Thierhaupten
86673,Bergheim (Oberbayern)
86674,Baar (Schwaben)
86675,Buchdorf
86676,Ehekirchen
86678,Ehingen (Kreis Augsburg)
86679,Ellgau
86681,Fünfstetten
86682,Genderkingen
86684,Holzheim (Donau-Ries)
86685,Huisheim
86687,Kaisheim
86688,Marxheim
86690,Mertingen
86692,Münster (Lech)
86694,Niederschönenfeld
86695,Allmannshofen
86695,Nordendorf
86697,Oberhausen bei Neuburg/Donau
86698,Oberndorf am Lech
86700,Otting
86701,Rohrenfels
86703,Rögling
86704,Tagmersheim
86706,Weichering
86707,Kühlenthal
86707,Westendorf (Kreis Augsburg)
86709,Wolferstadt
86720,Nördlingen
86732,Oettingen in Bayern
86733,Alerheim
86735,Amerdingen
86735,Forheim
86736,Auhausen
86738,Deiningen
86739,Ederheim
86741,Ehingen am Ries
86742,Fremdingen
86744,Hainsfarth
86745,Hohenaltheim
86747,Maihingen
86748,Marktoffingen
86750,Megesheim
86751,Mönchsdeggingen
86753,Möttingen
86754,Munningen
86756,Reimlingen
86757,Wallerstein
86759,Wechingen
86807,Buchloe
86825,Bad Wörishofen
86830,Schwabmünchen
86833,Ettringen (Wertach)
86836,Graben (Lechfeld)
86836,Klosterlechfeld
86836,Obermeitingen
86836,Untermeitingen
86842,Türkheim
86845,Großaitingen
86850,Fischach
86853,Langerringen
86854,Amberg (Unterallgäu)
86856,Hiltenfingen
86857,Hurlach
86859,Igling
86860,Jengen
86862,Lamerdingen
86863,Langenneufnach
86865,Markt Wald
86866,Mickhausen
86868,Mittelneufnach
86869,Oberostendorf
86871,Rammingen (Bayern)
86872,Scherstetten
86874,Tussenhausen
86875,Waal
86877,Walkertshofen
86879,Wiedergeltingen
86899,Landsberg am Lech
86911,Dießen am Ammersee
86916,Kaufering
86919,Utting am Ammersee
86920,Denklingen
86922,Eresing
86923,Finning
86925,Fuchstal
86926,Eresing
86926,Greifenberg
86928,Hofstetten (Oberbayern)
86929,Penzing (Bayern)
86931,Prittriching
86932,Landsberg am Lech
86932,Pürgen
86934,Reichling
86935,Rott (Kreis Landsberg)
86937,Scheuring
86938,Schondorf am Ammersee
86940,Schwifting
86941,Eresing
86943,Thaining
86944,Unterdießen
86946,Vilgertshofen
86947,Weil (Oberbayern)
86949,Windach
86956,Schongau
86971,Peiting
86972,Altenstadt (Oberbayern)
86974,Apfeldorf
86975,Bernbeuren
86977,Burggen
86978,Hohenfurch
86980,Ingenried
86981,Kinsau
86983,Lechbruck am See
86984,Prem
86986,Schwabbruck
86987,Schwabsoien
86989,Steingaden
87435,Kempten
87437,Kempten
87439,Kempten
87448,Waltenhofen
87452,Altusried
87459,Pfronten
87463,Dietmannsried
87466,Oy-Mittelberg
87471,Durach
87474,Buchenberg
87477,Sulzberg
87480,Weitnau
87484,Nesselwang
87487,Wiggensbach
87488,Betzigau
87490,Haldenwang (Allgäu)
87493,Lauben (Oberallgäu)
87494,Rückholz
87496,Untrasried
87497,Wertach
87499,Wildpoldsried
87509,Immenstadt im Allgäu
87527,Ofterschwang
87527,Sonthofen
87534,Oberstaufen
87538,Balderschwang
87538,Bolsterlang
87538,Fischen im Allgäu
87538,Obermaiselstein
87541,Bad Hindelang
87544,Blaichach
87545,Burgberg im Allgäu
87547,Missen-Wilhams
87549,Rettenberg
87561,Oberstdorf
87600,Kaufbeuren
87616,Marktoberdorf
87616,Wald (Allgäu)
87629,Füssen
87634,Günzach
87634,Obergünzburg
87637,Eisenberg (Allgäu)
87637,Seeg
87640,Biessenhofen
87642,Halblech
87645,Schwangau
87647,Kraftisried
87647,Unterthingau
87648,Aitrang
87650,Baisweil
87651,Bidingen
87653,Eggenthal
87654,Friesenried
87656,Germaringen
87657,Görisried
87659,Hopferau
87660,Irsee
87662,Kaltental
87662,Osterzell
87663,Lengenwang
87665,Mauerstetten
87666,Pforzen
87668,Rieden bei Kaufbeuren
87669,Rieden am Forggensee
87671,Ronsberg
87672,Roßhaupten
87674,Ruderatshofen
87675,Rettenbach am Auerberg
87675,Stötten am Auerberg
87677,Stöttwang
87679,Westendorf (Allgäu)
87700,Memmingen
87719,Mindelheim
87724,Ottobeuren
87727,Babenhausen (Schwaben)
87730,Bad Grönenbach
87733,Markt Rettenbach
87734,Benningen (Allgäu)
87736,Böhen
87737,Boos (Schwaben)
87739,Breitenbrunn (Schwaben)
87740,Buxheim (Schwaben)
87742,Apfeltrach
87742,Dirlewang
87743,Egg an der Günz
87745,Eppishausen
87746,Erkheim
87748,Fellheim
87749,Hawangen
87751,Heimertingen
87752,Holzgünz
87754,Kammlach
87755,Kirchhaslach
87757,Kirchheim in Schwaben
87758,Kronburg
87760,Lachen
87761,Lauben (Unterallgäu)
87763,Lautrach
87764,Legau
87766,Memmingerberg
87767,Niederrieden
87769,Oberrieden
87770,Oberschönegg
87772,Pfaffenhausen
87773,Pleß
87775,Salgen
87776,Sontheim (Schwaben)
87778,Stetten (Schwaben)
87779,Trunkelsberg
87781,Ungerhausen
87782,Dirlewang
87782,Unteregg
87784,Westerheim (Unterallgäu)
87785,Winterrieden
87787,Wolfertschwenden
87789,Woringen
88131,Bodolz
88131,Lindau (Bodensee)
88138,Hergensweiler
88138,Sigmarszell
88138,Weißensberg
88142,Wasserburg (Bodensee)
88145,Hergatz
88145,Opfenbach
88149,Nonnenhorn
88161,Lindenberg im Allgäu
88167,Gestratz
88167,Grünenbach
88167,Maierhöfen
88167,Röthenbach (Allgäu)
88167,Stiefenhofen
88171,Weiler-Simmerberg
88175,Scheidegg
88178,Heimenkirch
88179,Oberreute
89081,Elchingen
89231,Neu-Ulm
89233,Neu-Ulm
89250,Senden (Bayern)
89257,Illertissen
89264,Weißenhorn
89269,Vöhringen (Iller)
89275,Elchingen
89278,Nersingen
89281,Altenstadt (Iller)
89284,Pfaffenhofen an der Roth
89287,Bellenberg
89290,Buch (Schwaben)
89291,Holzheim bei Neu-Ulm
89293,Kellmünz an der Iller
89294,Oberroth
89296,Osterberg
89297,Roggenburg
89299,Unterroth
89312,Günzburg
89331,Burgau
89335,Ichenhausen
89340,Leipheim
89343,Jettingen-Scheppach
89344,Aislingen
89346,Bibertal
89347,Bubesheim
89349,Burtenbach
89350,Dürrlauingen
89352,Ellzee
89353,Glött
89355,Gundremmingen
89356,Haldenwang (Schwaben)
89358,Kammeltal
89359,Kötz
89361,Landensberg
89362,Offingen
89364,Rettenbach (Kreis Günzburg)
89365,Röfingen
89367,Waldstetten (Günz)
89368,Winterbach (Schwaben)
89407,Dillingen an der Donau
89415,Lauingen (Donau)
89420,Höchstädt an der Donau
89423,Gundelfingen an der Donau
89426,Mödingen
89426,Wittislingen
89428,Syrgenstein
89429,Bachhagel
89431,Bächingen an der Brenz
89434,Blindheim
89435,Finningen
89437,Haunsheim
89438,Holzheim bei Dillingen an der Donau
89440,Lutzingen
89441,Medlingen
89443,Schwenningen (Donau)
89446,Ziertheim
89447,Zöschingen
90402,Nürnberg
90403,Nürnberg
90408,Nürnberg
90409,Nürnberg
90411,Nürnberg
90419,Nürnberg
90425,Nürnberg
90427,Nürnberg
90429,Nürnberg
90431,Nürnberg
90439,Nürnberg
90441,Nürnberg
90443,Nürnberg
90449,Nürnberg
90451,Nürnberg
90453,Nürnberg
90455,Nürnberg
90459,Nürnberg
90461,Nürnberg
90469,Nürnberg
90471,Nürnberg
90473,Nürnberg
90475,Nürnberg
90478,Nürnberg
90480,Nürnberg
90482,Nürnberg
90489,Nürnberg
90491,Nürnberg
90513,Zirndorf
90518,Altdorf bei Nürnberg
90522,Oberasbach
90530,Wendelstein
90537,Feucht
90542,Eckental
90547,Stein (Mittelfranken)
90552,Röthenbach an der Pegnitz
90556,Cadolzburg
90556,Seukendorf
90559,Burgthann
90562,Heroldsberg
90562,Kalchreuth
90571,Schwaig bei Nürnberg
90574,Roßtal
90579,Langenzenn
90584,Allersberg
90587,Obermichelbach
90587,Tuchenbach
90587,Veitsbronn
90592,Schwarzenbruck
90596,Schwanstetten
90599,Dietenhofen
90602,Pyrbaum
90607,Rückersdorf (Mittelfranken)
90610,Winkelhaid
90613,Großhabersdorf
90614,Ammerndorf
90616,Neuhof an der Zenn
90617,Puschendorf
90619,Trautskirchen
90762,Fürth
90763,Fürth
90765,Fürth
90766,Fürth
90768,Fürth
91052,Erlangen
91054,Erlangen
91054,Buckenhof
91056,Erlangen
91058,Erlangen
91074,Herzogenaurach
91077,Dormitz
91077,Hetzles
91077,Kleinsendelbach
91077,Neunkirchen am Brand
91080,Marloffstein
91080,Spardorf
91080,Uttenreuth
91083,Baiersdorf
91085,Weisendorf
91086,Aurachtal
91088,Bubenreuth
91090,Effeltrich
91091,Großenseebach
91093,Heßdorf
91094,Langensendelbach
91096,Möhrendorf
91097,Oberreichenbach (Mittelfranken)
91099,Poxdorf (Oberfranken)
91126,Kammerstein
91126,Rednitzhembach
91126,Schwabach
91154,Roth
91161,Hilpoltstein
91166,Georgensgmünd
91171,Greding
91174,Spalt
91177,Thalmässing
91180,Heideck
91183,Abenberg
91186,Büchenbach
91187,Röttenbach (Landkreis Roth)
91189,Rohr (Mittelfranken)
91207,Lauf an der Pegnitz
91217,Hersbruck
91220,Schnaittach
91224,Pommelsbrunn
91227,Leinburg
91230,Happurg
91233,Neunkirchen am Sand
91235,Hartenstein (Mittelfranken)
91235,Velden (Pegnitz)
91236,Alfeld (Mittelfranken)
91238,Engelthal
91238,Offenhausen
91239,Henfenfeld
91241,Kirchensittenbach
91242,Ottensoos
91244,Reichenschwand
91245,Simmelsdorf
91247,Vorra
91249,Weigendorf
91257,Pegnitz
91275,Auerbach in der Oberpfalz
91278,Pottenstein
91281,Kirchenthumbach
91282,Betzenstein
91284,Neuhaus an der Pegnitz
91286,Obertrubach
91287,Plech
91289,Schnabelwaid
91301,Forchheim
91315,Höchstadt an der Aisch
91320,Ebermannstadt
91322,Gräfenberg
91325,Adelsdorf
91327,Gößweinstein
91330,Eggolsheim
91332,Heiligenstadt in Oberfranken
91334,Hemhofen
91336,Heroldsbach
91338,Igensdorf
91341,Röttenbach bei Erlangen
91344,Waischenfeld
91346,Wiesenttal
91347,Aufseß
91349,Egloffstein
91350,Gremsdorf
91352,Hallerndorf
91353,Hausen bei Forchheim
91355,Hiltpoltstein
91356,Kirchehrenbach
91358,Kunreuth
91359,Leutenbach (Oberfranken)
91361,Pinzberg
91362,Pretzfeld
91364,Unterleinleiter
91365,Weilersbach
91367,Weißenohe
91369,Wiesenthau
91413,Neustadt an der Aisch
91438,Bad Windsheim
91438,Sugenheim
91443,Scheinfeld
91448,Emskirchen
91452,Wilhermsdorf
91456,Diespeck
91459,Markt Erlbach
91460,Baudenbach
91462,Dachsbach
91463,Dietersheim
91465,Ergersheim
91466,Gerhardshofen
91468,Gutenstetten
91469,Hagenbüchach
91471,Illesheim
91472,Ipsheim
91474,Langenfeld (Mittelfranken)
91475,Lonnerstadt
91477,Markt Bibart
91478,Markt Nordheim
91480,Markt Taschendorf
91481,Münchsteinach
91483,Oberscheinfeld
91484,Sugenheim
91486,Uehlfeld
91487,Vestenbergsgreuth
91489,Wilhelmsdorf (Mittelfranken)
91522,Ansbach
91541,Rothenburg ob der Tauber
91550,Dinkelsbühl
91555,Feuchtwangen
91560,Heilsbronn
91564,Neuendettelsau
91567,Herrieden
91572,Bechhofen (Mittelfranken)
91575,Windsbach
91578,Leutershausen
91580,Petersaurach
91583,Diebach
91583,Schillingsfürst
91586,Lichtenau (Mittelfranken)
91587,Adelshofen (Mittelfranken)
91589,Aurach
91590,Bruckberg (Mittelfranken)
91592,Buch am Wald
91593,Burgbernheim
91595,Burgoberbach
91596,Burk
91598,Colmberg
91599,Dentlein am Forst
91601,Dombühl
91602,Dürrwangen
91604,Flachslanden
91605,Gallmersgarten
91607,Gebsattel
91608,Geslau
91610,Insingen
91611,Lehrberg
91613,Marktbergel
91614,Mönchsroth
91616,Neusitz
91617,Oberdachstetten
91619,Obernzenn
91620,Ohrenbach
91622,Rügland
91623,Sachsen bei Ansbach
91625,Schnelldorf
91626,Schopfloch (Mittelfranken)
91628,Steinsfeld
91629,Weihenzell
91631,Wettringen (Mittelfranken)
91632,Wieseth
91634,Wilburgstetten
91635,Windelsbach
91637,Wörnitz
91639,Wolframs-Eschenbach
91710,Gunzenhausen
91717,Wassertrüdingen
91719,Heidenheim (Mittelfranken)
91720,Absberg
91722,Arberg
91723,Dittenheim
91725,Ehingen (Mittelfranken)
91726,Gerolfingen
91728,Gnotzheim
91729,Haundorf
91731,Langfurth
91732,Merkendorf
91734,Mitteleschenbach
91735,Muhr am See
91737,Ornbau
91738,Pfofeld
91740,Röckingen
91741,Theilenhofen
91743,Unterschwaningen
91744,Weiltingen
91746,Weidenbach (Mittelfranken)
91747,Westheim (Mittelfranken)
91749,Wittelshofen
91757,Treuchtlingen
91781,Weißenburg in Bayern
91785,Pleinfeld
91788,Pappenheim
91790,Bergen (Mittelfranken)
91790,Burgsalach
91790,Nennslingen
91790,Raitenbuch
91792,Ellingen
91793,Alesheim
91795,Dollnstein
91796,Ettenstatt
91798,Höttingen
91799,Langenaltheim
91801,Markt Berolzheim
91802,Meinheim
91804,Mörnsheim
91805,Polsingen
91807,Solnhofen
91809,Wellheim
92224,Amberg
92237,Sulzbach-Rosenberg
92242,Hirschau
92245,Kümmersbruck
92249,Vilseck
92253,Schnaittenbach
92256,Hahnbach
92259,Neukirchen bei Sulzbach-Rosenberg
92260,Ammerthal
92262,Birgland
92263,Ebermannsdorf
92265,Edelsfeld
92266,Ensdorf
92268,Etzelwang
92269,Fensterbach
92271,Freihung
92272,Freudenberg (Oberpfalz)
92274,Gebenbach
92275,Hirschbach
92277,Hohenburg
92278,Illschwang
92280,Kastl (Lauterachtal)
92281,Königstein (Oberpfalz)
92283,Lauterhofen
92284,Poppenricht
92286,Rieden (Oberpfalz)
92287,Schmidmühlen
92289,Ursensollen
92318,Neumarkt in der Oberpfalz
92331,Lupburg
92331,Parsberg
92334,Berching
92339,Beilngries
92342,Freystadt
92345,Dietfurt an der Altmühl
92348,Neumarkt in der Oberpfalz
92348,Berg bei Neumarkt in der Oberpfalz
92353,Postbauer-Heng
92355,Velburg
92358,Seubersdorf in der Oberpfalz
92360,Mühlhausen (Oberpfalz)
92361,Berngau
92363,Breitenbrunn (Oberpfalz)
92364,Deining
92366,Hohenfels (Oberpfalz)
92367,Pilsach
92369,Sengenthal
92421,Schwandorf
92431,Neunburg vorm Wald
92436,Bruck in der Oberpfalz
92439,Bodenwöhr
92442,Wackersdorf
92444,Rötz
92445,Neukirchen-Balbini
92447,Schwarzhofen
92449,Steinberg am See
92507,Nabburg
92521,Schwarzenfeld
92526,Oberviechtach
92533,Wernberg-Köblitz
92536,Pfreimd
92539,Schönsee
92540,Altendorf (Kreis Schwandorf)
92542,Dieterskirchen
92543,Guteneck
92545,Niedermurach
92546,Schmidgaden
92548,Schwarzach bei Nabburg
92549,Stadlern
92551,Stulln
92552,Teunz
92554,Thanstein
92555,Trausnitz
92557,Weiding (Kreis Schwandorf)
92559,Winklarn
92637,Theisseil
92637,Weiden in der Oberpfalz
92648,Vohenstrauß
92655,Grafenwöhr
92660,Neustadt an der Waldnaab
92665,Altenstadt an der Waldnaab
92665,Kirchendemenreuth
92670,Windischeschenbach
92676,Eschenbach in der Oberpfalz
92676,Speinshart
92681,Erbendorf
92685,Floß
92690,Pressath
92693,Eslarn
92694,Etzenricht
92696,Flossenbürg
92697,Georgenberg
92699,Bechtsrieth
92699,Irchenrieth
92700,Weiherhammer
92702,Kohlberg (Oberpfalz)
92703,Krummennaab
92705,Leuchtenberg
92706,Luhe-Wildenau
92708,Mantel
92709,Moosbach
92711,Parkstein
92712,Pirk
92714,Pleystein
92715,Püchersreuth
92717,Reuth bei Erbendorf
92718,Schirmitz
92720,Schwarzenbach (Oberpfalz)
92721,Störnstein
92723,Gleiritsch
92723,Tännesberg
92724,Trabitz
92726,Waidhaus
92727,Waldthurn
92729,Weiherhammer
93047,Regensburg
93049,Regensburg
93051,Regensburg
93053,Regensburg
93055,Regensburg
93057,Regensburg
93059,Regensburg
93073,Neutraubling
93077,Bad Abbach
93080,Pentling
93083,Obertraubling
93086,Wörth an der Donau
93087,Alteglofsheim
93089,Aufhausen
93090,Bach an der Donau
93092,Barbing
93093,Donaustauf
93095,Hagelstadt
93096,Köfering
93098,Mintraching
93099,Mötzing
93101,Pfakofen
93102,Pfatter
93104,Riekofen
93104,Sünching
93105,Tegernheim
93107,Thalmassing
93109,Wiesent
93128,Regenstauf
93133,Burglengenfeld
93138,Lappersdorf
93142,Maxhütte-Haidhof
93149,Nittenau
93152,Nittendorf
93155,Hemau
93158,Teublitz
93161,Sinzing
93164,Brunn (Oberpfalz)
93164,Laaber
93167,Falkenstein (Oberpfalz)
93170,Bernhardswald
93173,Wenzenbach
93176,Beratzhausen
93177,Altenthann
93179,Brennberg
93180,Deuerling
93182,Duggendorf
93183,Holzheim am Forst
93183,Kallmünz
93185,Michelsneukirchen
93186,Pettendorf
93188,Pielenhofen
93189,Reichenbach (Kreis Cham)
93191,Rettenbach (Oberpfalz)
93192,Wald (Oberpfalz)
93194,Walderbach
93195,Duggendorf
93195,Wolfsegg
93197,Zeitlarn
93199,Zell (Oberpfalz)
93309,Kelheim
93326,Abensberg
93333,Neustadt an der Donau
93336,Altmannstein
93339,Riedenburg
93342,Saal an der Donau
93343,Essing
93345,Hausen (Niederbayern)
93346,Ihrlerstein
93348,Kirchdorf (Hallertau)
93349,Mindelstetten
93351,Painten
93352,Rohr in Niederbayern
93354,Biburg
93354,Siegenburg
93356,Teugn
93358,Train
93359,Wildenberg
93413,Cham
93426,Roding
93437,Furth im Wald
93444,Bad Kötzting
93449,Waldmünchen
93453,Neukirchen beim Heiligen Blut
93455,Traitsching
93458,Eschlkam
93462,Lam
93464,Tiefenbach (Oberpfalz)
93466,Chamerau
93468,Miltach
93470,Lohberg
93471,Arnbruck
93473,Arnschwang
93474,Arrach
93476,Blaibach
93477,Gleißenberg
93479,Grafenwiesen
93480,Hohenwarth
93482,Pemfling
93483,Pösing
93485,Rimbach (Oberpfalz)
93486,Runding
93488,Schönthal
93489,Schorndorf (Oberpfalz)
93491,Stamsried
93492,Treffelstein
93494,Waffenbrunn
93495,Weiding (Kreis Cham)
93497,Willmering
93499,Zandt
94032,Passau
94034,Passau
94036,Passau
94036,Neuburg am Inn
94051,Hauzenberg
94060,Pocking
94065,Waldkirchen
94072,Bad Füssing
94078,Freyung
94081,Fürstenzell
94086,Bad Griesbach im Rottal
94089,Neureichenau
94094,Malching
94094,Rotthalmünster
94099,Ruhstorf an der Rott
94104,Tittling
94104,Witzmannsberg bei Tittling
94107,Untergriesbach
94107,Obernzell
94110,Wegscheid
94113,Tiefenbach bei Passau
94116,Hutthurm
94118,Jandelsbrunn
94121,Salzweg
94124,Büchlberg
94127,Neuburg am Inn
94130,Obernzell
94133,Röhrnbach
94136,Thyrnau
94137,Bayerbach (Rottal-Inn)
94139,Breitenberg (Niederbayern)
94140,Ering
94142,Fürsteneck
94143,Grainet
94145,Haidmühle
94146,Hinterschmiding
94148,Kirchham
94149,Kößlarn
94151,Mauth
94152,Neuhaus am Inn
94154,Neukirchen vorm Wald
94157,Perlesreut
94158,Philippsreut
94160,Ringelai
94161,Ruderting
94163,Saldenburg
94164,Sonnen
94166,Stubenberg
94167,Tettenweis
94169,Thurmansbang
94209,Regen
94227,Lindberg
94227,Zwiesel
94234,Viechtach
94239,Gotteszell
94239,Ruhmannsfelden
94239,Zachenberg
94244,Geiersthal
94244,Teisnach
94249,Bodenmais
94250,Achslach
94252,Bayerisch Eisenstein
94253,Bischofsmais
94255,Böbrach
94256,Drachselsried
94258,Frauenau
94259,Kirchberg im Wald
94261,Kirchdorf im Wald
94262,Kollnburg
94264,Langdorf
94265,Patersdorf
94267,Prackenbach
94269,Rinchnach
94315,Straubing
94327,Bogen
94330,Aiterhofen
94330,Salching
94333,Geiselhöring
94336,Hunderdorf
94336,Windberg
94339,Leiblfing
94342,Irlbach
94342,Straßkirchen
94344,Wiesenfelden
94345,Aholfing
94347,Ascha
94348,Atting
94350,Falkenfels
94351,Feldkirchen (Niederbayern)
94353,Haibach (Niederbayern)
94354,Haselbach (Niederbayern)
94356,Kirchroth
94357,Konzell
94359,Loitzendorf
94360,Mitterfels
94362,Neukirchen (Niederbayern)
94363,Oberschneiding
94365,Parkstetten
94366,Perasdorf
94368,Perkam
94369,Rain (Niederbayern)
94371,Rattenberg
94372,Rattiszell
94374,Schwarzach (Niederbayern)
94375,Stallwang
94377,Steinach (Niederbayern)
94379,Sankt Englmar
94405,Landau an der Isar
94419,Reisbach
94424,Arnstorf
94428,Eichendorf
94431,Pilsting
94436,Simbach
94437,Mamming
94439,Roßbach (Niederbayern)
94447,Plattling
94469,Deggendorf
94474,Vilshofen an der Donau
94481,Grafenau (Niederbayern)
94486,Osterhofen
94491,Hengersberg
94496,Ortenburg
94501,Aidenbach
94501,Aldersbach
94501,Beutelsbach
94501,Haarbach
94505,Bernried (Niederbayern)
94508,Schöllnach
94513,Schönberg (Niederbayern)
94518,Spiegelau
94522,Wallersdorf
94526,Metten
94527,Aholming
94529,Aicha vorm Wald
94530,Auerbach (Landkreis Deggendorf)
94532,Außernzell
94533,Buchhofen
94535,Eging am See
94536,Eppenschlag
94538,Fürstenstein
94539,Grafling
94541,Grattersdorf
94542,Haarbach
94544,Hofkirchen
94545,Hohenau
94547,Iggensbach
94548,Innernzell
94550,Künzing
94551,Hunding
94551,Lalling
94553,Mariaposching
94554,Moos (Niederbayern)
94556,Neuschönau
94557,Niederalteich
94559,Niederwinkling
94560,Offenberg
94562,Oberpöring
94563,Otzing
94566,Sankt Oswald-Riedlhütte
94568,Sankt Oswald-Riedlhütte
94569,Stephansposching
94571,Schaufling
94572,Schöfweg
94574,Wallerfing
94575,Windorf
94577,Winzer
94579,Zenting
95028,Hof
95030,Hof
95032,Hof
95100,Selb
95111,Rehau
95119,Naila
95126,Schwarzenbach an der Saale
95131,Schwarzenbach am Wald
95138,Bad Steben
95145,Oberkotzau
95152,Selbitz
95158,Kirchenlamitz
95163,Weißenstadt
95168,Marktleuthen
95173,Schönwald (Bayern)
95176,Konradsreuth
95179,Geroldsgrün
95180,Berg (Oberfranken)
95182,Döhlau
95183,Feilitzsch
95183,Töpen
95183,Trogen
95185,Gattendorf
95186,Höchstädt im Fichtelgebirge
95188,Issigau
95189,Köditz
95191,Leupoldsgrün
95192,Lichtenberg (Oberfranken)
95194,Regnitzlosau
95195,Röslau
95197,Schauenstein
95199,Thierstein
95213,Münchberg
95233,Helmbrechts
95234,Sparneck
95236,Stammbach
95237,Weißdorf
95239,Zell im Fichtelgebirge
95326,Kulmbach
95336,Mainleus
95339,Neuenmarkt
95339,Wirsberg
95346,Stadtsteinach
95349,Thurnau
95352,Marktleugast
95355,Presseck
95356,Grafengehaig
95358,Guttenberg
95359,Kasendorf
95361,Ködnitz
95362,Kupferberg
95364,Ludwigschorgast
95365,Rugendorf
95367,Trebgast
95369,Untersteinach
95444,Bayreuth
95445,Bayreuth
95447,Bayreuth
95448,Bayreuth
95460,Bad Berneck im Fichtelgebirge
95463,Bindlach
95466,Kirchenpingarten
95466,Weidenberg
95469,Speichersdorf
95473,Creußen
95473,Haag (Oberfranken)
95473,Prebitz
95478,Kemnath
95482,Gefrees
95485,Warmensteinach
95488,Eckersdorf
95490,Mistelgau
95491,Ahorntal
95493,Bischofsgrün
95494,Gesees
95496,Glashütten (Oberfranken)
95497,Goldkronach
95499,Harsdorf
95500,Heinersreuth
95502,Himmelkron
95503,Hummeltal
95505,Immenreuth
95506,Kastl bei Kemnath
95508,Kulmain
95509,Marktschorgast
95511,Mistelbach
95512,Neudrossenfeld
95514,Neustadt am Kulm
95515,Plankenfels
95517,Emtmannsberg
95517,Seybothenreuth
95519,Schlammersdorf
95519,Vorbach
95615,Marktredwitz
95632,Wunsiedel
95643,Tirschenreuth
95652,Waldsassen
95659,Arzberg (Oberfranken)
95666,Leonberg (Oberpfalz)
95666,Mitterteich
95671,Bärnau
95676,Wiesau
95679,Waldershof
95680,Bad Alexandersbad
95682,Brand
95683,Ebnath
95685,Falkenberg (Oberpfalz)
95686,Fichtelberg
95688,Friedenfels
95689,Fuchsmühl
95691,Hohenberg an der Eger
95692,Konnersreuth
95694,Mehlmeisel
95695,Mähring
95697,Nagel
95698,Bad Neualbenreuth
95700,Neusorg
95701,Pechbrunn
95703,Plößberg
95704,Pullenreuth
95706,Schirnding
95707,Thiersheim
95709,Tröstau
96047,Bamberg
96049,Bamberg
96050,Bamberg
96052,Bamberg
96103,Hallstadt
96106,Ebern
96110,Scheßlitz
96114,Hirschaid
96117,Memmelsdorf
96120,Bischberg
96123,Litzendorf
96126,Ermershausen
96126,Maroldsweisach
96129,Strullendorf
96132,Schlüsselfeld
96135,Stegaurach
96138,Burgebrach
96142,Hollfeld
96145,Seßlach
96146,Altendorf (Kreis Bamberg)
96148,Baunach
96149,Breitengüßbach
96151,Breitbrunn (Unterfranken)
96152,Burghaslach
96154,Burgwindheim
96155,Buttenheim
96157,Ebrach
96158,Frensdorf
96160,Geiselwind
96161,Gerach (Oberfranken)
96163,Gundelsheim (Oberfranken)
96164,Kemmern
96166,Kirchlauter
96167,Königsfeld (Oberfranken)
96169,Lauter (Oberfranken)
96170,Lisberg
96170,Priesendorf
96172,Mühlhausen (Mittelfranken)
96173,Oberhaid (Oberfranken)
96175,Pettstadt
96176,Pfarrweisach
96178,Pommersfelden
96179,Rattelsdorf
96181,Rauhenebrach
96182,Reckendorf
96184,Rentweinsdorf
96185,Schönbrunn im Steigerwald
96187,Stadelhofen
96188,Stettfeld
96190,Untermerzbach
96191,Viereth-Trunstadt
96193,Wachenroth
96194,Walsdorf (Oberfranken)
96196,Wattendorf
96197,Wonsees
96199,Zapfendorf
96215,Lichtenfels (Oberfranken)
96224,Burgkunstadt
96231,Bad Staffelstein
96237,Ebersdorf bei Coburg
96242,Sonnefeld
96247,Michelau in Oberfranken
96250,Ebensfeld
96253,Untersiemau
96257,Marktgraitz
96257,Redwitz an der Rodach
96260,Weismain
96264,Altenkunstadt
96268,Mitwitz
96269,Großheirath
96271,Grub am Forst
96272,Hochstadt am Main
96274,Itzgrund
96275,Marktzeuln
96277,Schneckenlohe
96279,Weidhausen
96317,Kronach
96328,Küps
96332,Pressig
96337,Ludwigsstadt
96342,Stockheim (Oberfranken)
96346,Wallenfels
96349,Steinwiesen
96352,Wilhelmsthal
96355,Tettau (Oberfranken)
96358,Reichenbach (Oberfranken)
96358,Teuschnitz
96361,Steinbach am Wald
96364,Marktrodach
96365,Nordhalben
96367,Tschirn
96369,Kulmbach
96369,Weißenbrunn
96450,Coburg
96465,Neustadt bei Coburg
96472,Rödental
96476,Bad Rodach
96479,Weitramsdorf
96482,Ahorn (Kreis Coburg)
96484,Meeder
96486,Lautertal (Oberfranken)
96487,Dörfles-Esbach
96489,Niederfüllbach
97070,Würzburg
97072,Würzburg
97074,Würzburg
97076,Würzburg
97078,Würzburg
97080,Würzburg
97082,Würzburg
97084,Würzburg
97199,Ochsenfurt
97204,Höchberg
97209,Veitshöchheim
97215,Simmershofen
97215,Uffenheim
97215,Weigenheim
97218,Gerbrunn
97222,Rimpar
97225,Zellingen
97228,Rottendorf
97230,Estenfeld
97232,Giebelstadt
97234,Reichenberg (Unterfranken)
97236,Randersacker
97237,Altertheim
97239,Aub
97241,Bergtheim
97241,Oberpleichfeld
97243,Bieberehren
97244,Bütthard
97246,Eibelstadt
97247,Eisenheim
97249,Eisingen (Bayern)
97250,Erlabrunn
97252,Frickenhausen am Main
97253,Gaukönigshofen
97255,Gelchsheim
97255,Sonderhofen
97256,Geroldshausen
97258,Gollhofen
97258,Hemmersheim
97258,Ippesheim
97258,Oberickelsheim
97259,Greußenheim
97261,Güntersleben
97262,Hausen bei Würzburg
97264,Helmstadt
97265,Hettstadt
97267,Himmelstadt
97268,Kirchheim (Unterfranken)
97270,Kist
97271,Kleinrinderfeld
97273,Kürnach
97274,Leinach
97276,Margetshöchheim
97277,Neubrunn (Unterfranken)
97279,Prosselsheim
97280,Remlingen (Unterfranken)
97282,Retzstadt
97283,Riedenheim
97285,Röttingen
97285,Tauberrettersheim
97286,Sommerhausen
97286,Winterhausen
97288,Theilheim
97289,Thüngen
97291,Thüngersheim
97292,Holzkirchen (Unterfranken)
97292,Uettingen
97294,Unterpleichfeld
97295,Waldbrunn (Unterfranken)
97297,Waldbüttelbrunn
97299,Zell am Main
97318,Biebelried
97318,Kitzingen
97320,Albertshofen
97320,Buchbrunn
97320,Großlangheim
97320,Mainstockheim
97320,Sulzfeld am Main
97332,Volkach
97334,Nordheim am Main
97334,Sommerach
97337,Dettelbach
97340,Marktbreit
97340,Martinsheim
97340,Segnitz
97342,Marktsteft
97342,Obernbreit
97342,Seinsheim
97346,Iphofen
97348,Markt Einersheim
97348,Rödelsee
97348,Willanzheim
97350,Mainbernheim
97353,Wiesentheid
97355,Abtswind
97355,Castell
97355,Kleinlangheim
97355,Rüdenhausen
97355,Wiesenbronn
97357,Prichsenstadt
97359,Schwarzach am Main
97421,Schweinfurt
97422,Schweinfurt
97424,Schweinfurt
97437,Haßfurt
97440,Werneck
97447,Frankenwinheim
97447,Gerolzhofen
97450,Arnstein (Unterfranken)
97453,Schonungen
97456,Dittelbrunn
97461,Hofheim in Unterfranken
97464,Niederwerrn
97469,Gochsheim
97475,Zeil am Main
97478,Knetzgau
97483,Eltmann
97486,Königsberg in Bayern
97488,Stadtlauringen
97490,Poppenhausen (Unterfranken)
97491,Aidhausen
97493,Bergrheinfeld
97494,Bundorf
97496,Burgpreppach
97497,Dingolshausen
97499,Donnersdorf
97500,Ebelsbach
97502,Euerbach
97503,Gädheim
97505,Geldersheim
97506,Grafenrheinfeld
97508,Grettstadt
97509,Kolitzheim
97511,Lülsfeld
97513,Michelau im Steigerwald
97514,Oberaurach
97516,Oberschwarzach
97517,Rannungen
97519,Riedbach
97520,Röthlein
97522,Sand am Main
97523,Schwanfeld
97525,Schwebheim
97526,Sennfeld
97528,Sulzdorf an der Lederhecke
97529,Sulzheim (Unterfranken)
97531,Theres
97532,Üchtelhausen
97534,Waigolshausen
97535,Wasserlosen
97537,Wipfeld
97539,Wonfurt
97616,Bad Neustadt an der Saale
97616,Salz (Unterfranken)
97618,Heustreu
97618,Hohenroth
97618,Hollstadt
97618,Niederlauer
97618,Rödelmaier
97618,Strahlungen
97618,Unsleben
97618,Wollbach
97618,Wülfershausen an der Saale
97631,Bad Königshofen im Grabfeld
97633,Aubstadt
97633,Großbardorf
97633,Großeibstadt
97633,Herbstadt
97633,Höchheim
97633,Saal an der Saale
97633,Sulzfeld im Grabfeld
97633,Trappstadt
97638,Mellrichstadt
97640,Hendungen
97640,Oberstreu
97640,Stockheim (Unterfranken)
97645,Ostheim vor der Rhön
97647,Hausen (Rhön)
97647,Nordheim vor der Rhön
97647,Sondheim vor der Rhön
97647,Willmars
97650,Fladungen
97653,Bischofsheim in der Rhön
97654,Bastheim
97656,Oberelsbach
97657,Sandberg
97659,Schönau an der Brend
97688,Bad Kissingen
97702,Münnerstadt
97705,Burkardroth
97708,Bad Bocklet
97711,Maßbach
97711,Thundorf in Unterfranken
97714,Oerlenbach
97717,Aura an der Saale
97717,Euerdorf
97717,Sulzthal
97720,Nüdlingen
97723,Oberthulba
97724,Burglauer
97725,Elfershausen
97727,Fuchsstadt
97729,Ramsthal
97737,Gemünden am Main
97753,Karlstadt
97762,Hammelburg
97769,Bad Brückenau
97772,Wildflecken
97773,Aura im Sinngrund
97775,Burgsinn
97776,Eußenheim
97778,Fellen
97779,Geroda (Unterfranken)
97780,Gössenheim
97782,Gräfendorf
97783,Karsbach
97785,Mittelsinn
97786,Motten
97788,Neuendorf (Unterfranken)
97789,Oberleichtersbach
97791,Obersinn
97792,Riedenberg
97794,Rieneck
97795,Schondra
97797,Wartmannsroth
97799,Zeitlofs
97816,Lohr am Main
97828,Marktheidenfeld
97833,Frammersbach
97834,Birkenfeld (Unterfranken)
97836,Bischbrunn
97837,Erlenbach bei Marktheidenfeld
97839,Esselbach
97840,Rothenbuch
97840,Hafenlohr
97842,Karbach (Unterfranken)
97843,Neuhütten (Unterfranken)
97845,Neustadt am Main
97846,Partenstein
97848,Rechtenbach
97849,Roden
97851,Rothenfels
97852,Bischbrunn
97852,Schollbrunn
97854,Steinfeld (Unterfranken)
97855,Triefenstein
97857,Urspringen
97859,Wiesthal
97892,Kreuzwertheim
97896,Eichenbühl
97896,Collenberg
97901,Altenbuch
97903,Collenberg
97904,Dorfprozelten
97906,Faulbach
97907,Schollbrunn
97907,Hasloch
97909,Stadtprozelten