51598,Friesenhagen
53424,Remagen
53426,Dedenbach
53426,Königsfeld (Eifel)
53426,Schalkenbach
53474,Bad Neuenahr-Ahrweiler
53489,Sinzig
53498,Bad Breisig
53498,Gönnersdorf bei Bad Breisig
53498,Waldorf
53501,Grafschaft (Rheinland)
53505,Altenahr
53505,Berg bei Ahrweiler
53505,Kalenborn bei Altenahr
53505,Kirchsahr
53506,Ahrbrück
53506,Heckenbach
53506,Kesseling
53506,Lind bei Altenahr
53506,Rech
53506,Hönningen
53507,Dernau
53508,Mayschoß
53518,Adenau
53518,Herschbroich
53518,Honerath
53518,Kottenborn
53518,Leimbach bei Adenau
53518,Quiddelbach
53518,Wimbach
53520,Dankerath
53520,Drees
53520,Dümpelfeld
53520,Harscheid
53520,Hümmel
53520,Insul
53520,Kaltenborn
53520,Meuspath
53520,Müllenbach bei Adenau
53520,Nürburg
53520,Ohlenhard
53520,Reifferscheid
53520,Rodder
53520,Schuld
53520,Senscheid
53520,Sierscheid
53520,Trierscheid
53520,Wershofen
53520,Winnerath
53533,Antweiler
53533,Aremberg
53533,Dorsel
53533,Eichenbach
53533,Fuchshofen
53533,Müsch
53534,Barweiler
53534,Bauler (Kreis Ahrweiler)
53534,Hoffeld (Eifel)
53534,Pomster
53534,Wiesemscheid
53534,Wirft
53539,Bodenbach
53539,Bongard
53539,Borler
53539,Brücktal
53539,Gelenberg
53539,Kelberg
53539,Kirsbach
53539,Reimerath
53539,Welcherath
53545,Ockenfels
53545,Linz am Rhein
53547,Breitscheid (Westerwald)
53547,Dattenberg
53547,Hümmerich
53547,Kasbach-Ohlenberg
53547,Leubsdorf (am Rhein)
53547,Roßbach (Wied)
53547,Bad Hönningen
53547,Hausen (Wied)
53557,Bad Hönningen
53560,Linz am Rhein
53560,Vettelschoß
53562,Sankt Katharinen (Kreis Neuwied)
53567,Asbach (Westerwald)
53567,Buchholz (Westerwald)
53572,Bruchhausen
53572,Unkel
53577,Neustadt (Wied)
53578,Windhagen
53579,Erpel
53619,Rheinbreitbach
54290,Trier
54292,Trier
54293,Trier
54294,Trier
54295,Trier
54296,Trier
54298,Aach bei Trier
54298,Eisenach bei Trier
54298,Gilzem
54298,Igel
54298,Orenhofen
54298,Welschbillig
54298,Niederweis
54306,Kordel
54308,Langsur
54309,Newel
54310,Menningen an der Sauer
54310,Minden (Sauer)
54310,Ralingen
54311,Trierweiler
54313,Zemmer
54314,Baldringen
54314,Greimerath bei Trier
54314,Hentern
54314,Paschel
54314,Schömerich
54314,Vierherrenborn
54314,Zerf
54316,Bonerath
54316,Franzenheim
54316,Hinzenburg
54316,Hockweiler
54316,Holzerath
54316,Lampaden
54316,Ollmuth
54316,Pluwig
54316,Schöndorf (Ruwer)
54317,Farschweiler
54317,Gusterath
54317,Gutweiler
54317,Herl
54317,Kasel
54317,Korlingen
54317,Lorscheid
54317,Morscheid
54317,Osburg
54317,Riveris
54317,Sommerau
54317,Thomm
54318,Mertesdorf
54320,Waldrach
54329,Konz
54331,Oberbillig
54331,Pellingen
54332,Wasserliesch
54338,Longen
54338,Schweich
54340,Bekond
54340,Detzem
54340,Ensch
54340,Klüsserath
54340,Köwerich
54340,Leiwen
54340,Longuich
54340,Naurath (Eifel)
54340,Pölich
54340,Riol
54340,Schleich
54340,Thörnich
54341,Fell
54343,Föhren
54344,Kenn
54346,Mehring (Mosel)
54347,Neumagen-Dhron
54349,Trittenheim
54411,Deuselbach
54411,Hermeskeil
54411,Rorodt
54413,Bescheid
54413,Beuren (Hochwald)
54413,Damflos
54413,Geisfeld
54413,Grimburg
54413,Gusenburg
54413,Rascheid
54421,Hinzert-Pölert
54421,Reinsfeld
54422,Börfink
54422,Neuhütten (Hochwald)
54422,Züsch
54424,Burtscheid
54424,Etgert
54424,Gielert
54424,Lückenburg
54424,Thalfang
54426,Berglicht
54426,Breit
54426,Büdlich
54426,Dhronecken
54426,Gräfendhron
54426,Heidenburg
54426,Hilscheid
54426,Immert
54426,Malborn
54426,Merschbach
54426,Naurath (Wald)
54426,Neunkirchen (Hunsrück)
54426,Schönberg bei Thalfang
54426,Talling
54427,Kell am See
54429,Heddert
54429,Mandern
54429,Schillingen
54429,Waldweiler
54439,Fisch
54439,Merzkirchen
54439,Palzem
54439,Saarburg
54441,Ayl
54441,Kanzem
54441,Kastel-Staadt
54441,Kirf
54441,Mannebach bei Saarburg
54441,Ockfen
54441,Schoden
54441,Taben-Rodt
54441,Temmels
54441,Trassem
54441,Wawern (Saar)
54441,Wellen
54450,Freudenburg
54451,Irsch
54453,Nittel
54455,Serrig
54456,Onsdorf
54456,Tawern
54457,Wincheringen
54459,Wiltingen
54470,Graach an der Mosel
54470,Lieser
54470,Brauneberg
54470,Bernkastel-Kues
54472,Brauneberg
54472,Burgen (Hunsrück)
54472,Gornhausen
54472,Hochscheid
54472,Kommen
54472,Longkamp
54472,Monzelfeld
54472,Veldenz
54483,Kleinich
54484,Maring-Noviand
54486,Mülheim (Mosel)
54487,Wintrich
54492,Bernkastel-Kues
54492,Erden
54492,Lösnich
54492,Zeltingen-Rachtig
54497,Horath
54497,Morbach
54498,Piesport
54516,Flußbach
54516,Wittlich
54518,Altrich
54518,Arenrath
54518,Bergweiler
54518,Binsfeld
54518,Bruch
54518,Dodenburg
54518,Dreis
54518,Esch bei Wittlich
54518,Gladbach (Eifel)
54518,Heidweiler
54518,Hupperath
54518,Kesten
54518,Minderlittgen
54518,Minheim
54518,Niersbach
54518,Osann-Monzel
54518,Platten bei Wittlich
54518,Plein
54518,Rivenich
54518,Sehlem (Eifel)
54518,Heckenmünster
54523,Heckenmünster
54523,Dierscheid
54523,Hetzerath
54524,Klausen
54526,Landscheid
54528,Salmtal
54529,Spangdahlem
54531,Eckfeld
54531,Manderscheid
54531,Meerfeld
54531,Pantenburg
54531,Wallscheid
54533,Bettenfeld
54533,Dierfeld
54533,Eisenschmitt
54533,Gipperath
54533,Gransdorf
54533,Greimerath (Eifel)
54533,Hasborn
54533,Laufeld
54533,Niederöfflingen
54533,Niederscheidweiler
54533,Oberkail
54533,Oberöfflingen
54533,Oberscheidweiler
54533,Schwarzenborn (Eifel)
54533,Willwerscheid
54534,Großlittgen
54534,Karl
54534,Musweiler
54534,Schladt
54536,Kröv
54538,Bausendorf
54538,Bengel
54538,Diefenbach
54538,Hontheim
54538,Kinderbeuern
54538,Kinheim
54539,Zeltingen-Rachtig
54539,Ürzig
54550,Daun
54552,Beinhausen
54552,Boxberg (Eifel)
54552,Brockscheid
54552,Darscheid
54552,Demerath
54552,Dockweiler
54552,Dreis-Brück
54552,Ellscheid
54552,Gefell (Eifel)
54552,Hörscheid
54552,Hörschhausen
54552,Immerath
54552,Katzwinkel (Eifel)
54552,Kradenbach
54552,Mehren (Eifel)
54552,Neichen
54552,Nerdlen
54552,Sarmersbach
54552,Schalkenmehren
54552,Schönbach (Eifel)
54552,Steineberg
54552,Steiningen
54552,Strotzbüsch
54552,Udler
54552,Üdersdorf
54552,Utzerath
54558,Gillenfeld
54558,Mückeln
54558,Saxler
54558,Strohn
54558,Winkel (Eifel)
54568,Gerolstein
54570,Berlingen
54570,Betteldorf
54570,Bleckhausen
54570,Densborn
54570,Deudesfeld
54570,Hinterweiler
54570,Hohenfels-Essingen
54570,Kalenborn-Scheuern
54570,Kirchweiler
54570,Meisburg
54570,Mürlenbach
54570,Neroth
54570,Niederstadtfeld
54570,Oberstadtfeld
54570,Pelm
54570,Rockeskyll
54570,Salm
54570,Schutz
54570,Wallenborn
54570,Weidenbach (Eifel)
54574,Birresborn
54574,Kopp
54576,Dohm-Lammersdorf
54576,Hillesheim (Eifel)
54578,Basberg
54578,Berndorf
54578,Kerpen (Eifel)
54578,Nohn
54578,Oberbettingen
54578,Oberehe-Stroheich
54578,Walsdorf (Eifel)
54578,Wiesbaum
54579,Üxheim
54584,Feusdorf
54584,Gönnersdorf (Eifel)
54584,Jünkerath
54585,Esch bei Gerolstein
54586,Schüller
54587,Birgel
54587,Lissendorf
54589,Kerschenbach
54589,Stadtkyll
54595,Gondenbrett
54595,Orlenbach
54595,Pittenbach
54595,Prüm
54595,Watzerath
54595,Weinsheim (Eifel)
54597,Auw bei Prüm
54597,Balesfeld
54597,Burbach
54597,Duppach
54597,Euscheid
54597,Feuerscheid
54597,Fleringen
54597,Habscheid
54597,Hersdorf
54597,Kinzenburg
54597,Kleinlangenfeld
54597,Lascheid
54597,Lierfeld
54597,Lünebach
54597,Masthorn
54597,Matzerath
54597,Merlscheid
54597,Neuendorf
54597,Neuheilenbach
54597,Olzheim
54597,Ormont
54597,Plütscheid
54597,Pronsfeld
54597,Reuth (Eifel)
54597,Rommersheim bei Prüm
54597,Roth bei Prüm
54597,Schwirzheim
54597,Seiwerath
54597,Steffeln
54597,Strickscheid
54597,Wallersheim
54608,Bleialf
54608,Brandscheid (Eifel)
54608,Buchet
54608,Großlangenfeld
54608,Mützenich bei Prüm
54608,Oberlascheid
54608,Sellerich
54608,Winterscheid
54610,Büdesheim
54611,Hallschlag
54611,Scheid
54612,Lasel
54612,Nimshuscheid
54612,Wawern
54614,Dingdorf
54614,Giesdorf
54614,Heisdorf
54614,Niederlauch
54614,Nimsreuland
54614,Oberlauch
54614,Schönecken
54614,Winringen
54616,Winterspelt
54617,Harspelt
54617,Lützkampen
54617,Sevenig (Our)
54619,Eschfeld
54619,Großkampenberg
54619,Heckhuscheid
54619,Herzfeld
54619,Kesfeld
54619,Leidenborn
54619,Lichtenborn
54619,Reiff
54619,Roscheid
54619,Sengerich
54619,Üttfeld
54634,Birtlingen
54634,Bitburg
54634,Metterich
54634,Niederstedem
54634,Oberstedem
54636,Altscheid
54636,Baustert
54636,Bickendorf
54636,Biersdorf am See
54636,Brecht
54636,Dahlem bei Bitburg
54636,Dockendorf
54636,Echtershausen
54636,Ehlenz
54636,Eßlingen
54636,Feilsdorf
54636,Fließem
54636,Hamm (Eifel)
54636,Heilenbach
54636,Hütterscheid
54636,Hüttingen an der Kyll
54636,Idenheim
54636,Idesheim
54636,Ingendorf
54636,Ließem
54636,Meckel
54636,Messerich
54636,Mülbach
54636,Nattenheim
54636,Niederweiler (Eifel)
54636,Oberweiler
54636,Oberweis
54636,Rittersdorf
54636,Röhl
54636,Scharfbillig
54636,Schleid bei Bitburg
54636,Seffern
54636,Sefferweich
54636,Sülm
54636,Trimport
54636,Weidingen
54636,Wiersdorf
54636,Wißmannsdorf
54636,Wolsfeld
54646,Bettingen
54646,Brimingen
54646,Burg (Eifel)
54646,Enzen
54646,Halsdorf
54646,Niehl
54646,Olsdorf
54646,Stockem
54646,Wettlingen
54647,Dudeldorf
54647,Gondorf bei Bitburg
54647,Pickließem
54649,Dackscheid bei Waxweiler
54649,Eilscheid
54649,Hargarten
54649,Lambertsberg
54649,Lauperath
54649,Manderscheid bei Waxweiler
54649,Mauel
54649,Niederpierscheid
54649,Oberpierscheid
54649,Pintesfeld
54649,Waxweiler
54655,Etteldorf
54655,Kyllburg
54655,Kyllburgweiler
54655,Malberg (Eifel)
54655,Malbergweich
54655,Orsfeld
54655,Sankt Thomas
54655,Seinsfeld
54655,Steinborn
54655,Usch
54655,Wilsecker
54655,Zendscheid
54657,Badem
54657,Gindorf
54657,Neidenbach
54662,Beilingen
54662,Herforst
54662,Philippsheim
54662,Speicher
54664,Auw an der Kyll
54664,Hosten
54664,Preist
54666,Irrel
54668,Niederweis
54668,Alsdorf (Eifel)
54668,Echternacherbrück
54668,Ernzen
54668,Ferschweiler
54668,Holsthum
54668,Kaschenbach
54668,Peffingen
54668,Prümzurlay
54668,Schankweiler
54669,Bollendorf
54673,Ammeldingen bei Neuerburg
54673,Bauler bei Neuerburg
54673,Berkoth
54673,Berscheid
54673,Dauwelshausen
54673,Emmelbaum
54673,Gemünd an der Our
54673,Heilbach
54673,Herbstmühle
54673,Hütten
54673,Karlshausen
54673,Keppeshausen
54673,Koxhausen
54673,Krautscheid
54673,Leimbach bei Neuerburg
54673,Muxerath
54673,Nasingen
54673,Neuerburg
54673,Plascheid
54673,Rodershausen
54673,Scheitenkorb
54673,Scheuern
54673,Sevenig bei Neuerburg
54673,Uppershausen
54673,Waldhof-Falkenstein
54673,Zweifelscheid
54673,Preischeid
54675,Ammeldingen an der Our
54675,Biesdorf
54675,Fischbach-Oberraden
54675,Geichlingen
54675,Gentingen
54675,Hommerdingen
54675,Hüttingen bei Lahr
54675,Körperich
54675,Kruchten
54675,Lahr (Eifel)
54675,Mettendorf
54675,Niedergeckler
54675,Niederraden
54675,Nusbaum
54675,Obergeckler
54675,Roth an der Our
54675,Sinspelt
54675,Utscheid
54675,Wallendorf
54687,Arzfeld
54689,Preischeid
54689,Affler
54689,Dahnen
54689,Daleiden
54689,Dasburg
54689,Irrhausen
54689,Jucken
54689,Kickeshausen
54689,Olmscheid
54689,Reipeldingen
54689,Übereisenbach
55116,Mainz
55118,Mainz
55120,Mainz
55122,Mainz
55124,Mainz
55126,Mainz
55127,Mainz
55128,Mainz
55129,Mainz
55130,Mainz
55131,Mainz
55218,Ingelheim am Rhein
55232,Alzey
55232,Ensheim
55234,Albig
55234,Bechenheim
55234,Bechtolsheim
55234,Bermersheim vor der Höhe
55234,Biebelnheim
55234,Dintesheim
55234,Eppelsheim
55234,Erbes-Büdesheim
55234,Esselborn
55234,Flomborn
55234,Framersheim
55234,Freimersheim
55234,Gau-Heppenheim
55234,Hangen-Weisheim
55234,Hochborn
55234,Kettenheim
55234,Monzernheim
55234,Nack
55234,Nieder-Wiesen
55234,Ober-Flörsheim
55234,Offenheim
55234,Wahlheim
55234,Wendelsheim
55237,Bornheim (Rheinhessen)
55237,Flonheim
55237,Lonsheim
55239,Gau-Odernheim
55257,Budenheim
55262,Ingelheim am Rhein
55263,Ingelheim am Rhein
55268,Nieder-Olm
55270,Bubenheim (Rheinhessen)
55270,Engelstadt
55270,Essenheim
55270,Jugenheim in Rheinhessen
55270,Klein-Winternheim
55270,Ober-Olm
55270,Schwabenheim an der Selz
55270,Sörgenloch
55270,Zornheim
55271,Stadecken-Elsheim
55276,Dienheim
55276,Oppenheim
55278,Dalheim
55278,Dexheim
55278,Dolgesheim
55278,Eimsheim
55278,Friesenheim (Rheinhessen)
55278,Hahnheim
55278,Köngernheim
55278,Ludwigshöhe
55278,Mommenheim
55278,Selzen
55278,Uelversheim
55278,Undenheim
55278,Weinolsheim
55283,Nierstein
55286,Sulzheim (Rheinhessen)
55286,Wörrstadt
55288,Armsheim
55288,Gabsheim
55288,Partenheim
55288,Schornsheim
55288,Spiesheim
55288,Udenheim
55291,Saulheim
55294,Bodenheim
55296,Gau-Bischofsheim
55296,Harxheim
55296,Lörzweiler
55299,Nackenheim
55411,Bingen
55413,Manubach
55413,Niederheimbach
55413,Oberdiebach
55413,Oberheimbach
55413,Trechtingshausen
55413,Weiler bei Bingen
55422,Bacharach
55422,Breitscheid (Hunsrück)
55424,Münster-Sarmsheim
55425,Waldalgesheim
55430,Oberwesel
55430,Perscheid
55430,Urbar-Hunsrück
55432,Damscheid
55432,Niederburg
55435,Gau-Algesheim
55437,Appenheim
55437,Nieder-Hilbersheim
55437,Ober-Hilbersheim
55437,Ockenheim
55442,Daxweiler
55442,Roth bei Stromberg
55442,Stromberg
55442,Warmsroth
55444,Dörrebach
55444,Eckenroth
55444,Schöneberg (Hunsrück)
55444,Schweppenhausen
55444,Seibersbach
55444,Waldlaubersheim
55450,Langenlonsheim
55452,Dorsheim
55452,Guldental
55452,Hergenfeld
55452,Laubenheim
55452,Rümmelsheim/Burg Layen
55452,Windesheim
55457,Gensingen
55457,Horrweiler
55459,Aspisheim
55459,Grolsheim
55469,Altweidelbach
55469,Belgweiler
55469,Bergenhausen
55469,Budenbach
55469,Holzbach
55469,Horn (Hunsrück)
55469,Klosterkumbd
55469,Mutterschied
55469,Nannhausen
55469,Niederkumbd
55469,Ohlweiler
55469,Oppertshausen
55469,Pleizenhausen
55469,Rayerschied
55469,Riegenroth
55469,Schönborn (Hunsrück)
55469,Simmern/Hunsrück
55471,Biebern
55471,Fronhofen bei Simmern
55471,Keidelheim
55471,Külz (Hunsrück)
55471,Kümbdchen
55471,Neuerkirch
55471,Ravengiersburg
55471,Reich (Hunsrück)
55471,Sargenroth
55471,Tiefenbach (Hunsrück)
55471,Wüschheim
55481,Dillendorf
55481,Hecken (Hunsrück)
55481,Kirchberg (Hunsrück)
55481,Kludenbach
55481,Lindenschied
55481,Maitzborn
55481,Metzenhausen
55481,Nieder Kostenz
55481,Ober Kostenz
55481,Reckershausen
55481,Rödern
55481,Schwarzen
55481,Todenroth
55481,Womrath
55483,Bärenbach bei Simmern
55483,Dickenschied
55483,Heinzenbach
55483,Hirschfeld (Hunsrück)
55483,Horbruch
55483,Kappel
55483,Krummenau
55483,Lautzenhausen
55483,Schlierschied
55483,Unzenberg
55487,Dill
55487,Laufersweiler
55487,Niedersohren
55487,Sohren
55487,Sohrschied
55490,Gehlweiler
55490,Gemünden (Hunsrück)
55490,Henau (Hunsrück)
55490,Mengerschied
55490,Rohrbach (Hunsrück)
55490,Woppenroth
55491,Büchenbeuren
55491,Niederweiler (Hunsrück)
55491,Wahlenau
55494,Benzweiler
55494,Dichtelbach
55494,Erbach (Hunsrück)
55494,Liebshausen
55494,Mörschbach
55494,Rheinböllen
55494,Wahlbach
55496,Argenthal
55497,Ellern (Hunsrück)
55497,Schnorbach
55499,Riesweiler
55543,Bad Kreuznach
55545,Bad Kreuznach
55546,Biebelsheim
55546,Frei-Laubersheim
55546,Fürfeld
55546,Hackenheim
55546,Neu-Bamberg
55546,Pfaffen-Schwabenheim
55546,Tiefenthal (Rheinhessen)
55546,Volxheim
55559,Bretzenheim
55566,Bad Sobernheim
55566,Daubach (Hunsrück)
55566,Ippenschied
55566,Kirschroth
55566,Meddersheim
55566,Rehbach bei Sobernheim
55568,Abtweiler
55568,Lauschied
55568,Staudernheim
55569,Auen bei Monzingen
55569,Langenthal
55569,Monzingen
55569,Nußbaum
55571,Odernheim am Glan
55576,Badenheim
55576,Pleitersheim
55576,Sprendlingen
55576,Welgesheim
55576,Zotzenheim
55578,Gau-Weinheim
55578,Sankt Johann (Rheinhessen)
55578,Vendersheim
55578,Wallertheim
55578,Wolfsheim
55583,Bad Kreuznach
55585,Altenbamberg
55585,Hochstätten
55585,Niederhausen (Nahe)
55585,Norheim
55585,Oberhausen an der Nahe
55585,Duchroth
55590,Meisenheim
55592,Breitenheim
55592,Desloch
55592,Jeckenbach
55592,Raumbach
55592,Rehborn
55593,Rüdesheim
55595,Allenfeld
55595,Argenschwang
55595,Bockenau
55595,Boos (Nahe)
55595,Braunweiler
55595,Burgsponheim
55595,Dalberg
55595,Gebroth
55595,Gutenberg
55595,Hargesheim
55595,Hüffelsheim
55595,Mandel
55595,Münchwald
55595,Roxheim
55595,Sankt Katharinen (Kreis Bad Kreuznach)
55595,Sommerloch
55595,Spabrücken
55595,Spall
55595,Sponheim
55595,Traisen
55595,Wallhausen bei Bad Kreuznach
55595,Weinsheim bei Bad Kreuznach
55595,Winterbach (Soonwald)
55595,Winterburg
55596,Oberstreit
55596,Schloßböckelheim
55596,Waldböckelheim
55597,Gumbsheim
55597,Wöllstein
55599,Eckelsheim
55599,Gau-Bickelheim
55599,Siefersheim
55599,Stein-Bockenheim
55599,Wonsheim
55606,Bärweiler
55606,Brauweiler bei Kirn
55606,Bruschied
55606,Hahnenbach
55606,Heimweiler
55606,Heinzenberg bei Kirn
55606,Hochstetten-Dhaun
55606,Horbach bei Simmertal
55606,Kellenbach
55606,Kirn
55606,Königsau bei Kirn
55606,Limbach bei Kirn
55606,Meckenbach bei Kirn
55606,Oberhausen bei Kirn
55606,Otzweiler
55608,Becherbach bei Kirn
55608,Bergen bei Kirn
55608,Berschweiler bei Kirn
55608,Griebelschied
55608,Hausen (Hunsrück)
55608,Schneppenbach
55618,Simmertal
55619,Hennweiler
55621,Hundsbach bei Kirn
55624,Bollenbach
55624,Gösenroth
55624,Oberkirn
55624,Rhaunen
55624,Schwerbach
55624,Weitersbach
55626,Bundenbach
55627,Martinstein
55627,Merxheim
55627,Weiler bei Monzingen
55629,Schwarzerden
55629,Seesbach
55629,Weitersborn
55743,Fischbach bei Idar-Oberstein
55743,Gerach bei Idar-Oberstein
55743,Hintertiefenbach
55743,Idar-Oberstein
55743,Kirschweiler
55756,Herrstein
55758,Allenbach
55758,Asbach (Hunsrück)
55758,Bärenbach bei Idar-Oberstein
55758,Breitenthal (Hunsrück)
55758,Bruchweiler
55758,Dickesbach
55758,Hellertshausen
55758,Herborn bei Idar-Oberstein
55758,Hettenrodt
55758,Hottenbach
55758,Kempfeld
55758,Langweiler bei Idar-Oberstein
55758,Mackenrodt
55758,Mittelreidenbach
55758,Mörschied
55758,Niederhosenbach
55758,Niederwörresbach
55758,Oberhosenbach
55758,Oberreidenbach
55758,Oberwörresbach
55758,Schauren bei Idar-Oberstein
55758,Schmidthachenbach
55758,Sensweiler
55758,Sien
55758,Sienhachenbach
55758,Sonnschied
55758,Stipshausen
55758,Sulzbach (Hunsrück)
55758,Veitsrodt
55758,Vollmersbach
55758,Weiden (Kreis Birkenfeld)
55758,Wickenrodt
55758,Wirschweiler
55765,Birkenfeld (Nahe)
55765,Dambach
55765,Dienstweiler
55765,Elchweiler
55765,Ellenberg bei Birkenfeld
55765,Ellweiler
55765,Oberhambach
55765,Rimsberg
55765,Schmißberg
55767,Abentheuer
55767,Achtelsbach
55767,Brücken (Birkenfeld)
55767,Buhlenberg
55767,Gimbweiler
55767,Gollenberg (Kreis Birkenfeld)
55767,Hattgenstein
55767,Kronweiler
55767,Leisel
55767,Meckenbach
55767,Niederbrombach
55767,Niederhambach
55767,Nohen
55767,Oberbrombach
55767,Rinzenberg
55767,Rötsweiler-Nockenthal
55767,Schwollen
55767,Siesbach
55767,Sonnenberg-Winnenberg
55767,Wilzenberg-Hußweiler
55768,Hoppstädten-Weiersbach
55774,Baumholder
55776,Berglangenbach
55776,Frauenberg
55776,Hahnweiler
55776,Reichenbach bei Baumholder
55776,Rohrbach (Nahe)
55776,Rückweiler
55776,Ruschberg
55777,Berschweiler bei Baumholder
55777,Eckersweiler
55777,Fohren-Linden
55777,Mettweiler
55779,Heimbach (Nahe)
55779,Leitzweiler
56068,Koblenz
56070,Koblenz
56072,Koblenz
56073,Koblenz
56075,Koblenz
56076,Koblenz
56077,Koblenz
56112,Lahnstein
56130,Lahnstein
56130,Bad Ems
56132,Becheln
56132,Dausenau
56132,Frücht
56132,Kemmenau
56132,Miellen
56132,Nievern
56133,Fachbach
56154,Boppard
56170,Bendorf
56179,Niederwerth
56179,Vallendar
56182,Urbar bei Koblenz
56191,Weitersburg
56203,Höhr-Grenzhausen
56204,Hillscheid
56206,Hilgert
56206,Kammerforst (Westerwald)
56218,Mülheim-Kärlich
56220,Bassenheim
56220,Kaltenengers
56220,Kettig
56220,Sankt Sebastian
56220,Urmitz
56235,Hundsdorf
56235,Ransbach-Baumbach
56237,Alsbach
56237,Breitenau
56237,Caan
56237,Deesen
56237,Nauort
56237,Oberhaid (Westerwald)
56237,Sessenbach
56237,Wirscheid
56237,Wittgert
56242,Ellenhausen
56242,Marienrachdorf
56242,Nordhofen
56242,Quirnbach (Westerwald)
56242,Selters (Westerwald)
56244,Arnshöfen
56244,Ettinghausen
56244,Ewighausen
56244,Freilingen
56244,Freirachdorf
56244,Goddert
56244,Hahn am See
56244,Hartenfels
56244,Helferskirchen
56244,Krümmel
56244,Kuhnhöfen
56244,Leuterod
56244,Maxsain
56244,Niedersayn
56244,Ötzingen
56244,Rückeroth
56244,Schenkelberg
56244,Sessenhausen
56244,Steinen (Westerwald)
56244,Vielbach
56244,Weidenhahn
56244,Wölferlingen
56249,Herschbach bei Selters
56253,Treis-Karden
56254,Moselkern
56254,Müden (Mosel)
56269,Dierdorf
56269,Marienhausen
56271,Isenburg
56271,Kleinmaischeid
56271,Maroth
56271,Mündersbach
56271,Roßbach (Westerwald)
56276,Großmaischeid
56276,Stebach
56281,Dörth
56281,Emmelshausen
56281,Hungenroth
56281,Karbach (Hunsrück)
56281,Schwall
56283,Beulich
56283,Gondershausen
56283,Halsenbach
56283,Kratzenburg
56283,Mermuth
56283,Morshausen
56283,Ney
56283,Nörtershausen
56288,Alterkülz
56288,Bell (Hunsrück)
56288,Braunshorn
56288,Bubach bei Kastellaun
56288,Hasselbach (Hunsrück)
56288,Hollnich bei Kastellaun
56288,Kastellaun
56288,Korweiler
56288,Lahr (Hunsrück)
56288,Laubach bei Kastellaun
56288,Michelbach (Hunsrück)
56288,Roth-Hunsrück-Kreis
56288,Spesenroth
56288,Zilshausen
56290,Beltheim
56290,Buch (Hunsrück)
56290,Dommershausen
56290,Gödenroth
56290,Lieg
56290,Lütz
56290,Macken
56290,Mörsdorf (Hunsrück)
56290,Uhler
56291,Badenhard
56291,Bickenbach (Hunsrück)
56291,Birkheim
56291,Hausbay
56291,Kisselbach
56291,Laudert
56291,Leiningen
56291,Lingerhahn
56291,Maisborn
56291,Mühlpfad
56291,Niedert
56291,Norath
56291,Pfalzfeld
56291,Steinbach (Hunsrück)
56291,Thörlingen
56291,Utzenhain
56291,Wiebelsheim
56294,Gappenach
56294,Gierschnach
56294,Kalt
56294,Münstermaifeld
56294,Wierschem
56295,Kerben
56295,Lonnig
56295,Rüber
56299,Ochtendung
56305,Döttesfeld
56305,Puderbach
56307,Dernbach (Kreis Neuwied)
56307,Dürrholz
56307,Harschbach
56316,Hanroth
56316,Niederhofen
56316,Raubach
56317,Linkenbach
56317,Urbach (Westerwald)
56321,Brey
56321,Rhens
56322,Spay
56323,Rhens
56323,Waldesch
56329,Sankt Goar
56330,Kobern-Gondorf
56332,Alken
56332,Brodenbach
56332,Burgen (Mosel)
56332,Dieblich
56332,Hatzenport
56332,Lehmen
56332,Löf
56332,Niederfell
56332,Oberfell
56332,Wolken
56333,Winningen
56335,Neuhäusel
56337,Arzbach
56337,Eitelborn
56337,Kadenbach
56337,Simmern (Westerwald)
56338,Braubach
56340,Dachsenhausen
56340,Osterspai
56341,Filsen
56341,Kamp-Bornhofen
56346,Lykershausen
56346,Prath
56346,Sankt Goarshausen
56348,Bornich
56348,Dahlheim
56348,Dörscheid
56348,Kestert
56348,Patersberg
56348,Weisel
56349,Kaub
56355,Bettendorf
56355,Diethardt
56355,Endlichhofen
56355,Hunzel
56355,Kehlbach
56355,Lautert
56355,Nastätten
56355,Oberbachheim
56355,Weidenbach (Taunus)
56355,Winterwerb
56357,Auel
56357,Berg (Taunus)
56357,Bogel
56357,Buch (Taunus)
56357,Dessighofen
56357,Dornholzhausen
56357,Ehr
56357,Eschbach bei Nastätten
56357,Geisig
56357,Gemmerich
56357,Hainau
56357,Himmighofen
56357,Holzhausen an der Haide
56357,Kasdorf
56357,Lierschied
56357,Lipporn
56357,Lollschied
56357,Marienfels
56357,Miehlen
56357,Niederbachheim
56357,Niederwallmenach
56357,Nochern
56357,Obertiefenbach
56357,Oberwallmenach
56357,Oelsberg
56357,Pohl
56357,Reichenberg (Rheinland-Pfalz)
56357,Reitzenhain
56357,Rettershain
56357,Ruppertshofen (Rhein-Lahn-Kreis)
56357,Strüth
56357,Welterod
56357,Weyer
56368,Berghausen
56368,Ergeshausen
56368,Herold
56368,Katzenelnbogen
56368,Klingelbach
56368,Niedertiefenbach
56368,Roth (Rhein-Lahn-Kreis)
56370,Allendorf (Rhein-Lahn-Kreis)
56370,Attenhausen
56370,Berndroth
56370,Biebrich
56370,Bremberg
56370,Dörsdorf
56370,Ebertshausen
56370,Eisighofen
56370,Gutenacker
56370,Kördorf
56370,Mittelfischbach
56370,Oberfischbach
56370,Reckenroth
56370,Rettert
56370,Schönborn (Rhein-Lahn-Kreis)
56370,Wasenbach
56377,Misselberg
56377,Nassau
56377,Schweighausen
56377,Seelbach (Nassau)
56377,Dörnberg
56379,Dörnberg
56379,Charlottenberg
56379,Dienethal
56379,Geilnau
56379,Hömberg
56379,Holzappel
56379,Horhausen (Nassau)
56379,Laurenburg
56379,Obernhof
56379,Oberwies
56379,Scheidt
56379,Singhofen
56379,Steinsberg
56379,Sulzbach (Rhein-Lahn-Kreis)
56379,Weinähr
56379,Winden (Nassau)
56379,Zimmerschied
56410,Montabaur
56412,Boden
56412,Daubach (Westerwald)
56412,Gackenbach
56412,Girod
56412,Görgeshausen
56412,Großholbach
56412,Heilberscheid
56412,Heiligenroth
56412,Holler
56412,Horbach (Westerwald)
56412,Hübingen
56412,Nentershausen (Westerwald)
56412,Niederelbert
56412,Niedererbach
56412,Nomborn
56412,Oberelbert
56412,Ruppach-Goldhausen
56412,Stahlhofen (Westerwald)
56412,Untershausen
56412,Welschneudorf
56414,Berod bei Wallmerod
56414,Bilkheim
56414,Dreikirchen
56414,Herschbach (Oberwesterwald)
56414,Hundsangen
56414,Meudt
56414,Molsberg
56414,Niederahr
56414,Oberahr
56414,Obererbach bei Montabaur
56414,Salz (Westerwald)
56414,Steinefrenz
56414,Wallmerod
56414,Weroth
56414,Zehnhausen bei Wallmerod
56422,Wirges
56424,Bannberscheid
56424,Ebernhahn
56424,Mogendorf
56424,Moschheim
56424,Staudt
56427,Siershahn
56428,Dernbach (Westerwald)
56457,Halbs
56457,Hergenroth
56457,Westerburg
56459,Ailertchen
56459,Bellingen
56459,Berzhahn
56459,Brandscheid (Westerwald)
56459,Elbingen
56459,Gemünden (Westerwald)
56459,Girkenroth
56459,Guckheim
56459,Härtlingen
56459,Kaden
56459,Kölbingen
56459,Langenhahn
56459,Mähren
56459,Pottum
56459,Rotenhain
56459,Rothenbach
56459,Stahlhofen am Wiesensee
56459,Stockum-Püschen
56459,Weltersburg
56459,Willmenrod
56459,Winnen
56462,Höhn
56470,Bad Marienberg
56472,Dreisbach
56472,Fehl-Ritzhausen
56472,Großseifen
56472,Hahn bei Marienberg
56472,Hardt (Westerwald)
56472,Hof (Westerwald)
56472,Lautzenbrücken
56472,Nisterau
56472,Nisterberg
56472,Stockhausen-Illfurth
56477,Nister-Möhrendorf
56477,Rennerod
56477,Waigandshain
56477,Zehnhausen bei Rennerod
56479,Bretthausen
56479,Hellenhahn-Schellenberg
56479,Homberg (Westerwald)
56479,Hüblingen
56479,Irmtraut
56479,Liebenscheid
56479,Neunkirchen (Westerwald)
56479,Neustadt (Westerwald)
56479,Niederroßbach
56479,Oberrod
56479,Oberroßbach
56479,Rehe
56479,Salzburg
56479,Seck
56479,Stein-Neukirch
56479,Waldmühlen
56479,Westernohe
56479,Willingen (Westerwald)
56479,Elsoff
56564,Neuwied
56566,Neuwied
56567,Neuwied
56575,Weißenthurm
56579,Bonefeld
56579,Hardert
56579,Rengsdorf
56581,Ehlscheid
56581,Kurtscheid
56581,Melsbach
56584,Anhausen
56584,Meinborn
56584,Rüscheid
56584,Thalhausen
56587,Oberhonnefeld-Gierend
56587,Oberraden
56587,Straßenhaus
56588,Hausen (Wied)
56588,Waldbreitbach
56589,Datzeroth
56589,Niederbreitbach
56593,Bürdenbach
56593,Güllesheim
56593,Horhausen (Westerwald)
56593,Krunkel
56593,Niedersteinebach
56593,Obersteinebach
56593,Pleckhausen
56594,Willroth
56598,Hammerstein
56598,Rheinbrohl
56599,Leutesdorf
56626,Andernach
56630,Kretz
56637,Plaidt
56642,Kruft
56645,Nickenich
56648,Saffig
56651,Brenk
56651,Galenberg
56651,Niederdürenbach
56651,Niederzissen
56651,Oberdürenbach
56651,Oberzissen
56653,Glees
56653,Wassenach
56653,Wehr (Eifel)
56656,Brohl-Lützing
56659,Burgbrohl
56727,Reudelsterz
56727,Sankt Johann bei Mayen
56727,Mayen
56729,Mayen
56729,Acht
56729,Anschau
56729,Arft
56729,Baar (Eifel)
56729,Bermel
56729,Boos (Eifel)
56729,Ditscheid
56729,Ettringen (Eifel)
56729,Herresbach
56729,Hirten
56729,Kehrig
56729,Langenfeld (Eifel)
56729,Langscheid
56729,Lind bei Mayen
56729,Luxem
56729,Monreal
56729,Münk
56729,Nachtsheim
56729,Nitz
56729,Siebenbach
56729,Virneburg
56729,Weiler bei Mayen
56729,Welschenbach
56729,Kirchwald
56736,Kottenheim
56743,Mendig
56743,Thür
56745,Bell
56745,Hausten
56745,Rieden (Eifel)
56745,Volkesfeld
56745,Weibern
56746,Hohenleimbach
56746,Kempenich
56746,Spessart
56751,Einig
56751,Gering
56751,Kollig
56751,Polch
56753,Mertloch
56753,Naunheim
56753,Pillig
56753,Trimbs
56753,Welling
56754,Binningen
56754,Brohl
56754,Dünfus
56754,Forst (Eifel)
56754,Möntenich
56754,Roes
56759,Leienkaul
56759,Eppenberg
56759,Kaisersesch
56759,Kalenborn bei Kaisersesch
56759,Laubach (Eifel)
56761,Brachtendorf
56761,Düngenheim
56761,Eulgem
56761,Gamlen
56761,Hambuch
56761,Hauroth
56761,Kaifenheim
56761,Masburg
56761,Müllenbach bei Mayen
56761,Urmersbach
56761,Zettingen
56766,Auderath
56766,Berenbach
56766,Filz
56766,Horperath
56766,Ulmen
56767,Gunderath
56767,Höchstberg
56767,Kaperich
56767,Kötterichen
56767,Kolverath
56767,Lirstal
56767,Mosbruch
56767,Oberelz
56767,Sassen
56767,Uersfeld
56767,Ueß
56769,Arbach
56769,Bereborn
56769,Mannebach (Eifel)
56769,Retterath
56812,Cochem
56812,Dohr bei Cochem
56812,Valwig
56814,Beilstein (Mosel)
56814,Bremm
56814,Bruttig-Fankel
56814,Ediger-Eller
56814,Ernst bei Cochem
56814,Faid
56814,Greimersburg
56814,Illerich
56814,Landkern
56814,Wirfus
56818,Klotten
56820,Briedern
56820,Mesenich bei Cochem
56820,Nehren (Mosel)
56820,Senheim-Senhals
56821,Ellenz-Poltersdorf
56823,Büchel bei Cochem
56825,Beuren (Eifel)
56825,Gevenich
56825,Gillenbeuren
56825,Kliding
56825,Schmitt
56825,Urschmitt
56825,Weiler bei Gevenich
56826,Lutzerath
56826,Wagenhausen
56826,Wollmerath
56828,Alflen
56829,Brieden
56829,Kail
56829,Pommern
56841,Traben-Trarbach
56843,Burg (Mosel)
56843,Irmenach
56843,Lötzbeuren
56843,Starkenburg
56850,Enkirch
56850,Hahn (Hunsrück)
56850,Raversbeuren
56850,Briedel
56856,Zell (Mosel)
56858,Zell (Mosel)
56858,Altlay
56858,Altstrimmig
56858,Belg
56858,Forst (Hunsrück)
56858,Grenderich
56858,Haserich
56858,Liesenich
56858,Mittelstrimmig
56858,Neef
56858,Peterswald-Löffelscheid
56858,Rödelhausen
56858,Sankt Aldegund
56858,Sosberg
56858,Tellig
56858,Würrich
56859,Zell (Mosel)
56859,Alf
56859,Bullay
56861,Reil
56862,Pünderich
56864,Bad Bertrich
56865,Blankenrath
56865,Hesweiler
56865,Moritzheim
56865,Panzweiler bei Blankenrath
56865,Reidenhausen
56865,Schauren bei Blankenrath
56865,Walhausen
56867,Briedel
56869,Mastershausen
57518,Alsdorf (Westerwald)
57518,Betzdorf
57518,Steineroth
57520,Derschen
57520,Dickendorf
57520,Emmerzhausen
57520,Friedewald (Westerwald)
57520,Grünebach
57520,Kausen
57520,Langenbach bei Kirburg
57520,Mauden
57520,Molzhain
57520,Neunkhausen
57520,Niederdreisbach
57520,Rosenheim (Kreis Altenkirchen)
57520,Schutzbach
57520,Steinebach (Sieg)
57537,Forst bei Wissen
57537,Hövels
57537,Mittelhof
57537,Selbach (Sieg)
57537,Wissen
57539,Bitzen
57539,Breitscheidt
57539,Bruchertseifen
57539,Etzbach
57539,Fürthen
57539,Roth (Kreis Altenkirchen)
57548,Kirchen (Sieg)
57555,Brachbach
57555,Mudersbach
57562,Herdorf
57567,Daaden
57572,Harbach (Landkreis Altenkirchen)
57572,Niederfischbach
57577,Hamm (Sieg)
57577,Seelbach bei Hamm (Sieg)
57578,Elkenroth
57580,Elben
57580,Fensdorf
57580,Gebhardshain
57581,Katzwinkel (Sieg)
57583,Mörlen
57583,Nauroth
57584,Scheuerfeld
57584,Wallmenroth
57586,Weitefeld
57587,Birken-Honigsessen
57589,Birkenbeul
57589,Niederirsen
57589,Pracht bei Hamm
57610,Almersbach
57610,Altenkirchen (Westerwald)
57610,Bachenberg
57610,Gieleroth
57610,Ingelbach
57610,Michelbach (Westerwald)
57612,Birnbach
57612,Busenhausen
57612,Eichelhardt
57612,Giesenhausen
57612,Helmenzen
57612,Helmeroth
57612,Hemmelzen
57612,Heupelzen
57612,Hilgenroth
57612,Idelberg
57612,Isert
57612,Kettenhausen
57612,Kroppach
57612,Obererbach (Westerwald)
57612,Ölsen
57612,Racksen
57612,Volkerzen
57614,Berod bei Hachenburg
57614,Borod
57614,Fluterschen
57614,Mudenbach
57614,Niederwambach
57614,Oberwambach
57614,Ratzert
57614,Steimel
57614,Stürzelbach
57614,Wahlrod
57614,Woldert
57627,Astert
57627,Gehlert
57627,Hachenburg
57627,Heuzert
57627,Marzhausen
57629,Atzelgift
57629,Dreifelden
57629,Heimborn
57629,Höchstenbach
57629,Kirburg
57629,Kundert
57629,Limbach (Westerwald)
57629,Linden (Westerwald)
57629,Lochum
57629,Luckenbach
57629,Malberg (Westerwald)
57629,Merkelbach
57629,Mörsbach
57629,Müschenbach
57629,Norken
57629,Steinebach an der Wied
57629,Stein-Wingert
57629,Streithausen
57629,Wied bei Hachenburg
57632,Berzhausen
57632,Burglahr
57632,Eichen
57632,Eulenberg
57632,Flammersfeld
57632,Giershausen
57632,Kescheid
57632,Orfgen
57632,Peterslahr
57632,Reiferscheid
57632,Rott (Westerwald)
57632,Schürdt
57632,Seelbach (Westerwald)
57632,Seifen
57632,Walterschen
57632,Ziegenhain
57635,Ersfeld
57635,Fiersbach
57635,Forstmehren
57635,Hasselbach (Westerwald)
57635,Hirz-Maulsbach
57635,Kircheib
57635,Kraam
57635,Mehren (Westerwald)
57635,Oberirsen
57635,Rettersen
57635,Werkhausen
57635,Weyerbusch
57635,Wölmersen
57636,Mammelzen
57636,Sörth
57638,Neitersen
57638,Obernau
57638,Schöneberg (Westerwald)
57639,Oberdreis
57639,Rodenbach bei Puderbach
57641,Oberlahr
57642,Alpenrod
57644,Hattert
57644,Welkenbach
57644,Winkelbach
57645,Nister
57647,Alpenrod
57647,Enspel
57647,Nistertal
57648,Bölsberg
57648,Unnau
65391,Sauerthal
65558,Balduinstein
65558,Burgschwalbach
65558,Cramberg
65558,Eppenrod
65558,Flacht
65558,Gückingen
65558,Heistenbach
65558,Hirschberg (Rhein-Lahn-Kreis)
65558,Holzheim (Aar)
65558,Isselbach
65558,Kaltenholzhausen
65558,Langenscheid
65558,Lohrheim
65558,Oberneisen
65582,Aull
65582,Diez
65582,Hambach bei Diez
65623,Hahnstätten
65623,Mudershausen
65623,Netzbach
65623,Schiesheim
65624,Altendiez
65626,Birlenbach
65629,Niederneisen
66482,Zweibrücken
66484,Althornbach
66484,Battweiler
66484,Dietrichingen
66484,Großsteinhausen
66484,Kleinsteinhausen
66484,Riedelberg
66484,Walshausen bei Zweibrücken
66484,Winterbach (Pfalz)
66484,Schmitshausen
66497,Contwig
66500,Hornbach
66500,Mauschbach
66501,Großbundenbach
66501,Kleinbundenbach
66503,Dellfeld
66504,Bottenbach
66506,Maßweiler
66507,Reifenberg
66509,Rieschweiler-Mühlbach
66849,Landstuhl
66851,Bann
66851,Hauptstuhl
66851,Horbach (Pfalz)
66851,Mittelbrunn
66851,Oberarnbach
66851,Queidersbach
66851,Steinalben
66851,Gerhardsbrunn
66851,Linden (Pfalz)
66862,Kindsbach
66869,Blaubach
66869,Kusel
66869,Ruthweiler
66869,Schellweiler
66871,Albessen
66871,Dennweiler-Frohnbach
66871,Ehweiler
66871,Etschberg
66871,Haschbach am Remigiusberg
66871,Herchweiler
66871,Körborn
66871,Konken
66871,Oberalben
66871,Pfeffelbach
66871,Reichweiler
66871,Selchenbach
66871,Thallichtenberg
66871,Theisbergstegen
66877,Ramstein-Miesenbach
66879,Kollweiler
66879,Kottweiler-Schwanden
66879,Niedermohr
66879,Niederstaufenbach
66879,Oberstaufenbach
66879,Reichenbach-Steegen
66879,Steinwenden
66882,Hütschenhausen
66885,Altenglan
66885,Bedesbach
66887,Bosenbach
66887,Elzweiler
66887,Erdesbach
66887,Föckelberg
66887,Glanbrücken
66887,Horschbach
66887,Jettenbach (Pfalz)
66887,Neunkirchen am Potzberg
66887,Rammelsbach
66887,Rathsweiler
66887,Rutsweiler am Glan
66887,Sankt Julian
66887,Ulmet
66887,Welchweiler
66887,Niederalben
66892,Bruchmühlbach-Miesau
66894,Gerhardsbrunn
66894,Bechhofen
66894,Käshofen
66894,Krähenberg
66894,Lambsborn
66894,Langwieden
66894,Martinshöhe
66894,Rosenkopf
66894,Wiesbach
66901,Schönenberg-Kübelberg
66903,Altenkirchen (Pfalz)
66903,Dittweiler
66903,Frohnhofen
66903,Gries
66903,Ohmbach
66904,Börsborn
66904,Brücken (Pfalz)
66907,Glan-Münchweiler
66907,Rehweiler
66909,Henschtal
66909,Herschweiler-Pettersheim
66909,Hüffler
66909,Krottelbach
66909,Langenbach (Pfalz)
66909,Matzenbach
66909,Nanzdietschweiler
66909,Quirnbach (Pfalz)
66909,Steinbach am Glan
66909,Wahnwegen
66914,Waldmohr
66916,Breitenbach (Pfalz)
66916,Dunzweiler
66917,Schmitshausen
66917,Biedershausen
66917,Knopp-Labach
66917,Wallhalben
66917,Herschberg
66919,Herschberg
66919,Hermersberg
66919,Hettenhausen
66919,Obernheim-Kirchenarnbach
66919,Saalstadt
66919,Schauerberg
66919,Weselberg
66953,Pirmasens
66954,Pirmasens
66955,Pirmasens
66955,Münchweiler an der Rodalb
66957,Eppenbrunn
66957,Hilst
66957,Kröppen
66957,Obersimten
66957,Ruppertsweiler
66957,Schweix
66957,Trulben
66957,Vinningen
66969,Lemberg
66976,Rodalben
66978,Clausen
66978,Donsieders
66978,Leimen
66978,Merzalben
66981,Münchweiler an der Rodalb
66987,Herschberg
66987,Thaleischweiler-Fröschen
66989,Höheinöd
66989,Höheischweiler
66989,Höhfröschen
66989,Nünschweiler
66989,Petersberg (Pfalz)
66994,Dahn
66996,Erfweiler
66996,Fischbach bei Dahn
66996,Hirschthal
66996,Ludwigswinkel
66996,Schindhard
66996,Schönau (Pfalz)
66996,Busenberg
66999,Hinterweidenthal
67059,Ludwigshafen
67061,Ludwigshafen
67063,Ludwigshafen
67065,Ludwigshafen
67067,Ludwigshafen
67069,Ludwigshafen
67071,Ludwigshafen
67098,Bad Dürkheim
67098,Freinsheim
67105,Schifferstadt
67112,Mutterstadt
67117,Limburgerhof
67122,Altrip
67125,Dannstadt-Schauernheim
67126,Hochdorf-Assenheim
67127,Rödersheim-Gronau
67133,Maxdorf
67134,Birkenheide
67136,Fußgönheim
67141,Neuhofen
67146,Deidesheim
67147,Forst an der Weinstraße
67149,Meckenheim (Pfalz)
67150,Niederkirchen bei Deidesheim
67152,Ruppertsberg
67157,Deidesheim
67157,Wachenheim an der Weinstraße
67158,Ellerstadt
67159,Friedelsheim
67161,Gönnheim
67165,Waldsee (Pfalz)
67166,Otterstadt
67167,Erpolzheim
67169,Kallstadt
67227,Frankenthal (Pfalz)
67229,Gerolsheim
67229,Großkarlbach
67229,Laumersheim
67240,Bobenheim-Roxheim
67245,Lambsheim
67246,Dirmstein
67251,Freinsheim
67256,Weisenheim am Sand
67258,Heßheim
67259,Beindersheim
67259,Großniedesheim
67259,Heuchelheim bei Frankenthal
67259,Kleinniedesheim
67269,Grünstadt
67271,Battenberg (Pfalz)
67271,Kindenheim
67271,Kleinkarlbach
67271,Mertesheim
67271,Neuleiningen
67271,Obersülzen
67273,Bobenheim am Berg
67273,Dackenheim
67273,Herxheim am Berg
67273,Weisenheim am Berg
67278,Bockenheim an der Weinstraße
67280,Ebertsheim
67280,Quirnheim
67281,Bissersheim
67281,Kirchheim an der Weinstraße
67283,Obrigheim (Pfalz)
67292,Kirchheimbolanden
67294,Bischheim
67294,Gauersheim
67294,Ilbesheim bei Kirchheimbolanden
67294,Mauchenheim
67294,Morschheim
67294,Oberwiesen
67294,Orbis
67294,Rittersheim
67294,Stetten (Pfalz)
67295,Bolanden
67297,Marnheim
67304,Eisenberg (Pfalz)
67304,Kerzenheim
67305,Ramsen
67307,Göllheim
67308,Albisheim (Pfrimm)
67308,Biedesheim
67308,Bubenheim (Pfalz)
67308,Einselthum
67308,Immesheim
67308,Lautersheim
67308,Ottersheim bei Kirchheimbolanden
67308,Rüssingen
67308,Zellertal
67310,Hettenleidelheim
67311,Tiefenthal (Pfalz)
67316,Carlsberg
67316,Altleiningen
67317,Altleiningen
67319,Wattenheim
67346,Speyer
67354,Römerberg
67360,Lingenfeld
67361,Freisbach
67363,Lustadt
67365,Schwegenheim
67366,Weingarten (Pfalz)
67368,Westheim (Pfalz)
67373,Dudenhofen
67374,Hanhofen
67376,Harthausen
67377,Gommersheim
67378,Zeiskam
67433,Neustadt an der Weinstraße
67434,Neustadt an der Weinstraße
67435,Deidesheim
67435,Neustadt an der Weinstraße
67454,Haßloch
67459,Böhl-Iggelheim
67466,Deidesheim
67466,Lambrecht
67466,Esthal
67468,Esthal
67468,Frankeneck
67468,Frankenstein
67468,Neidenfels
67471,Elmstein
67472,Esthal
67473,Lindenberg (Pfalz)
67475,Weidenthal
67480,Edenkoben
67482,Altdorf (Pfalz)
67482,Böbingen (Pfalz)
67482,Freimersheim (Pfalz)
67482,Venningen
67483,Edesheim
67483,Großfischlingen
67483,Kleinfischlingen
67487,Maikammer
67487,Sankt Martin
67489,Kirrweiler (Pfalz)
67547,Worms
67549,Worms
67550,Worms
67551,Worms
67574,Osthofen
67575,Eich
67577,Alsheim
67578,Gimbsheim
67580,Hamm am Rhein
67582,Mettenheim (Rheinhessen)
67583,Guntersblum
67585,Dorn-Dürkheim
67586,Hillesheim (Rheinhessen)
67587,Wintersheim
67590,Monsheim
67591,Hohen-Sülzen
67591,Mölsheim
67591,Mörstadt
67591,Offstein
67591,Wachenheim
67592,Flörsheim-Dalsheim
67593,Bermersheim bei Worms
67593,Westhofen
67595,Bechtheim
67596,Dittelsheim-Heßloch
67596,Frettenheim
67598,Gundersheim
67599,Gundheim
67655,Kaiserslautern
67657,Kaiserslautern
67659,Kaiserslautern
67661,Kaiserslautern
67663,Kaiserslautern
67677,Enkenbach-Alsenborn
67678,Mehlingen
67680,Neuhemsbach
67681,Sembach
67681,Wartenberg-Rohrbach
67685,Erzenhausen
67685,Eulenbis
67685,Schwedelbach
67685,Weilerbach
67686,Mackenbach
67688,Rodenbach (Westpfalz)
67691,Hochspeyer
67693,Fischbach bei Kaiserslautern
67693,Waldleiningen
67697,Otterberg
67699,Heiligenmoschel
67699,Schneckenhausen
67700,Niederkirchen (Westpfalz)
67701,Schallodenbach
67705,Stelzenberg
67705,Trippstadt
67706,Linden (Pfalz)
67706,Krickenbach
67707,Schopp
67714,Waldfischbach-Burgalben
67715,Geiselberg
67716,Heltersberg
67718,Schmalenberg
67722,Winnweiler
67724,Gehrweiler
67724,Gonbach
67724,Gundersweiler
67724,Höringen
67725,Börrstadt
67725,Breunigweiler
67725,Imsbach
67727,Lohnsfeld
67728,Münchweiler an der Alsenz
67729,Sippersfeld
67731,Otterbach
67732,Hirschhorn (Pfalz)
67734,Katzweiler
67734,Sulzbachtal
67735,Mehlbach
67737,Frankelbach
67737,Olsbrücken
67742,Adenbach
67742,Buborn
67742,Deimberg
67742,Ginsweiler
67742,Hausweiler
67742,Heinzenhausen
67742,Herren-Sulzbach
67742,Lauterecken
67742,Homberg bei Lauterecken
67744,Homberg bei Lauterecken
67744,Cronenberg
67744,Hohenöllen
67744,Hoppstädten
67744,Kappeln bei Lauterecken
67744,Kirrweiler bei Lauterecken
67744,Löllbach
67744,Lohnweiler
67744,Medard
67744,Rathskirchen
67744,Schweinschied
67744,Seelen
67744,Wiesweiler
67745,Grumbach
67746,Langweiler bei Lauterecken
67746,Merzweiler
67746,Unterjeckenbach
67748,Odenbach
67749,Nerzweiler
67749,Offenbach-Hundheim
67752,Oberweiler-Tiefenbach
67752,Rutsweiler an der Lauter
67752,Wolfstein
67753,Aschbach
67753,Einöllen
67753,Hefersweiler
67753,Reipoltskirchen
67753,Relsberg
67753,Rothselberg
67754,Eßweiler
67756,Hinzweiler
67756,Oberweiler im Tal
67757,Kreimbach-Kaulbach
67759,Nußbach
67759,Reichsthal
67806,Bisterschied
67806,Dörrmoschel
67806,Katzenbach
67806,Rockenhausen
67806,Teschenmoschel
67806,Imsweiler
67808,Imsbach
67808,Imsweiler
67808,Bennhausen
67808,Falkenstein (Pfalz)
67808,Mörsfeld
67808,Ransweiler
67808,Ruppertsecken
67808,Schönborn (Pfalz)
67808,Schweisweiler
67808,Stahlberg
67808,Steinbach am Donnersberg
67808,Weitersweiler
67808,Würzweiler
67808,Bayerfeld-Steckweiler
67808,Schiersfeld
67811,Dielkirchen
67813,Gerbach
67813,Sankt Alban
67814,Dannenfels
67814,Jakobsweiler
67816,Dreisen
67816,Standenbühl
67817,Imsbach
67819,Kriegsfeld
67821,Alsenz
67821,Oberndorf (Pfalz)
67822,Bayerfeld-Steckweiler
67822,Sankt Alban
67822,Finkenbach-Gersweiler
67822,Gaugrehweiler
67822,Kalkofen
67822,Mannweiler-Cölln
67822,Münsterappel
67822,Niederhausen an der Appel
67822,Niedermoschel
67822,Oberhausen an der Appel
67822,Waldgrehweiler
67822,Winterborn
67823,Schiersfeld
67823,Lettweiler
67823,Obermoschel
67823,Sitters
67823,Unkenbach
67824,Feilbingert
67826,Duchroth
67826,Hallgarten
67827,Becherbach
67829,Callbach
67829,Reiffelbach
67829,Schmittweiler bei Callbach
76726,Germersheim
76744,Vollmersweiler
76744,Wörth am Rhein
76751,Jockgrim
76756,Bellheim
76761,Rülzheim
76764,Rheinzabern
76767,Hagenbach
76768,Berg (Pfalz)
76770,Hatzenbühl
76771,Hördt
76773,Kuhardt
76774,Leimersheim
76776,Neuburg am Rhein
76777,Neupotz
76779,Scheibenhardt
76829,Landau in der Pfalz
76829,Leinsweiler
76829,Ranschbach
76829,Ramberg
76831,Billigheim-Ingenheim
76831,Birkweiler
76831,Eschbach (Pfalz)
76831,Göcklingen
76831,Heuchelheim-Klingen
76831,Ilbesheim bei Landau in der Pfalz
76831,Impflingen
76833,Böchingen
76833,Frankweiler
76833,Knöringen
76833,Siebeldingen
76833,Walsheim
76835,Burrweiler
76835,Flemlingen
76835,Gleisweiler
76835,Hainfeld
76835,Rhodt unter Rietburg
76835,Roschbach
76835,Weyher in der Pfalz
76846,Hauenstein
76848,Darstein
76848,Dimbach
76848,Lug
76848,Schwanheim
76848,Spirkelbach
76848,Wilgartswiesen
76855,Annweiler am Trifels
76857,Ramberg
76857,Albersweiler
76857,Dernbach (Pfalz)
76857,Eußerthal
76857,Gossersweiler-Stein
76857,Münchweiler am Klingbach
76857,Rinnthal
76857,Silz (Pfalz)
76857,Völkersweiler
76857,Waldhambach
76857,Waldrohrbach
76857,Wernersberg
76863,Herxheim bei Landau/Pfalz
76863,Herxheimweyher
76865,Insheim
76865,Rohrbach (Pfalz)
76870,Kandel
76872,Erlenbach bei Kandel
76872,Freckenfeld
76872,Hergersweiler
76872,Minfeld
76872,Steinweiler
76872,Winden (Pfalz)
76877,Offenbach an der Queich
76879,Bornheim (Pfalz)
76879,Essingen (Pfalz)
76879,Hochstadt (Pfalz)
76879,Knittelsheim
76879,Ottersheim bei Landau
76887,Bad Bergzabern
76887,Böllenborn
76887,Oberhausen bei Bad Bergzabern
76889,Barbelroth
76889,Birkenhördt
76889,Dierbach
76889,Dörrenbach
76889,Gleiszellen-Gleishorbach
76889,Kapellen-Drusweiler
76889,Kapsweyer
76889,Klingenmünster
76889,Niederhorbach
76889,Niederotterbach
76889,Oberotterbach
76889,Oberschlettenbach
76889,Pleisweiler-Oberhofen
76889,Schweigen-Rechtenbach
76889,Schweighofen
76889,Steinfeld (Pfalz)
76889,Vorderweidenthal
76891,Busenberg
76891,Bobenthal
76891,Bruchweiler-Bärenbach
76891,Bundenthal
76891,Erlenbach bei Dahn
76891,Niederschlettenbach
76891,Nothweiler
76891,Rumbach